:020000040800F2
:10000000D81D00200938000859E20008F53700081B
:10001000F5370008F5370008F53700080000000044
:10002000000000000000000000000000B1380008DF
:10003000F53700080000000069380008BD480008D6
:10004000C9390008C9390008C9390008C939000888
:10005000C9390008C9390008C9390008C939000878
:10006000C9390008C9390008C9390008C939000868
:10007000C9390008C9390008C9390008C939000858
:10008000C9390008C9390008C9390008C939000848
:10009000C9390008C9390008C9390008C939000838
:1000A000C9390008C9390008C9390008C939000828
:1000B000C9390008C9390008C9390008C939000818
:1000C000C9390008C9390008C9390008C939000808
:1000D000C9390008C9390008C9390008C9390008F8
:0C00E000C9390008C9390008C9390008F6
:1000F000844641EA000313F0030349D1403A23D375
:100100000B6803604B6843608B688360CB68C36097
:100110000B6903614B6943618B698361CB69C3617F
:100120000B6A03624B6A43628B6A8362CB6AC36267
:100130000B6B03634B6B43638B6B8363CB6BC3634F
:1001400040304031403ADBD230320BD30B68036091
:100150004B6843608B688360CB68C360103010319C
:10016000103AF3D20C3205D351F8043B40F8043B6B
:10017000043AF9D2043208D0D2071CBF11F8013B6F
:1001800000F8013B01D30B8803806046704700BF35
:10019000082A13D38B07B1D010F00303AED0C3F1FC
:1001A0000403D21ADB071CBF11F8013B00F8013B26
:1001B000A4D331F8023B20F8023B9FE7043AD9D39D
:1001C000013A11F8013B00F8013BF9D20B780370BA
:1001D0004B7843708B7883706046704781F00041A4
:1001E00002E000BF83F0004330B54FEA41044FEA1C
:1001F000430594EA050F08BF90EA020F1FBF54EAB7
:10020000000C55EA020C7FEA645C7FEA655C00F052
:10021000E2804FEA5454D4EB5555B8BF6D420CDD23
:100220002C4480EA020281EA030382EA000083EAA6
:10023000010180EA020281EA0303362D88BF30BD46
:1002400011F0004F4FEA01314FF4801C4CEA11319C
:1002500002D0404261EB410113F0004F4FEA0333FB
:100260004CEA133302D0524263EB430394EA050F86
:1002700000F0A780A4F10104D5F1200E0DDB02FAF5
:100280000EFC22FA05F2801841F1000103FA0EF289
:10029000801843FA05F359410EE0A5F120050EF14F
:1002A000200E012A03FA0EFC28BF4CF0020C43FA80
:1002B00005F3C01851EBE37101F0004507D54FF08D
:1002C000000EDCF1000C7EEB00006EEB0101B1F5DD
:1002D000801F1BD3B1F5001F0CD349085FEA300023
:1002E0004FEA3C0C04F101044FEA445212F5800F2E
:1002F00080F09A80BCF1004F08BF5FEA500C50F1CB
:10030000000041EB045141EA050130BD5FEA4C0CAD
:10031000404141EB0101013C28BFB1F5801FE9D20A
:1003200091F0000F04BF01460020B1FA81F308BF2D
:100330002033A3F10B03B3F120020CDA0C3208DDF9
:1003400002F1140CC2F10C0201FA0CF021FA02F1D4
:100350000CE002F11402D8BFC2F1200C01FA02F144
:1003600020FA0CFCDCBF41EA0C019040E41AA2BF69
:1003700001EB0451294330BD6FEA04041F3C1CDA31
:100380000C340EDC04F11404C4F1200220FA04F051
:1003900001FA02F340EA030021FA04F345EA0301FB
:1003A00030BDC4F10C04C4F1200220FA02F001FABD
:1003B00004F340EA0300294630BD21FA04F029463F
:1003C00030BD94F0000F83F4801306BF81F48011D8
:1003D0000134013D4EE77FEA645C18BF7FEA655C4B
:1003E00029D094EA050F08BF90EA020F05D054EA1D
:1003F000000C04BF1946104630BD91EA030F1EBF22
:100400000021002030BD5FEA545C05D14000494125
:1004100028BF41F0004130BD14F580043CBF01F518
:10042000801130BD01F0004545F0FE4141F47001FE
:100430004FF0000030BD7FEA645C1ABF19461046D9
:100440007FEA655C1CBF0B46024650EA013406BFDA
:1004500052EA033591EA030F41F4002130BD00BF99
:1004600090F0000F04BF0021704730B54FF4806456
:1004700004F132044FF000054FF0000150E700BFD7
:1004800090F0000F04BF0021704730B54FF4806436
:1004900004F1320410F0004548BF40424FF0000123
:1004A0003EE700BF42004FEAE2014FEA31014FEA66
:1004B00002701FBF12F07F4393F07F4F81F06051B5
:1004C000704732F07F4208BF704793F07F4F04BF00
:1004D00041F40021704730B54FF4607401F00045DD
:1004E00021F000411CE700BF50EA010208BF70473D
:1004F00030B54FF000050AE050EA010208BF70472E
:1005000030B511F0004502D5404261EB41014FF496
:10051000806404F132045FEA915C3FF4D8AE4FF09E
:1005200003025FEADC0C18BF03325FEADC0C18BF81
:10053000033202EBDC02C2F1200300FA03FC20FAD2
:1005400002F001FA03FE40EA0E0021FA02F114441F
:10055000BDE600BF70B54FF0FF0C4CF4E06C1CEA38
:1005600011541DBF1CEA135594EA0C0F95EA0C0FA9
:1005700000F0DEF82C4481EA030621EA4C5123EA1C
:100580004C5350EA013518BF52EA033541F480114B
:1005900043F4801338D0A0FB02CE4FF00005E1FBFE
:1005A00002E506F00042E0FB03E54FF00006E1FB48
:1005B00003569CF0000F18BF4EF0010EA4F1FF048B
:1005C000B6F5007F64F5407404D25FEA4E0E6D41CB
:1005D00046EB060642EAC62141EA55514FEAC520DC
:1005E00040EA5E504FEACE2EB4F1FD0C88BFBCF558
:1005F000E06F1ED8BEF1004F08BF5FEA500E50F109
:10060000000041EB045170BD06F0004646EA0101CE
:1006100040EA020081EA0301B4EB5C04C2BFD4EB00
:100620000C0541EA045170BD41F480114FF0000EF9
:10063000013C00F3AB8014F1360FDEBF002001F067
:10064000004170BDC4F10004203C35DA0C341BDCE1
:1006500004F11404C4F1200500FA05F320FA04F0B3
:1006600001FA05F240EA020001F0004221F00041E7
:1006700010EBD37021FA04F642EB06015EEA430E5A
:1006800008BF20EAD37070BDC4F10C04C4F120058A
:1006900000FA04F320FA05F001FA04F240EA02003D
:1006A00001F0004110EBD37041F100015EEA430E0E
:1006B00008BF20EAD37070BDC4F1200500FA05F22E
:1006C0004EEA020E20FA04F301FA05F243EA0203AD
:1006D00021FA04F001F0004121FA04F220EA0200BC
:1006E00000EBD3705EEA430E08BF20EAD37070BD02
:1006F00094F0000F0FD101F00046400041EB0101E2
:1007000011F4801F08BF013CF7D041EA060195F0C3
:10071000000F18BF704703F00046520043EB03037D
:1007200013F4801F08BF013DF7D043EA060370476A
:1007300094EA0C0F0CEA135518BF95EA0C0F0CD075
:1007400050EA410618BF52EA4306D1D181EA0301BB
:1007500001F000414FF0000070BD50EA410606BFB5
:100760001046194652EA430619D094EA0C0F02D1FA
:1007700050EA013613D195EA0C0F05D152EA03363F
:100780001CBF104619460AD181EA030101F000415D
:1007900041F0FE4141F470014FF0000070BD41F0A6
:1007A000FE4141F4780170BD70B54FF0FF0C4CF480
:1007B000E06C1CEA11541DBF1CEA135594EA0C0F9F
:1007C00095EA0C0F00F0A7F8A4EB050481EA030EEC
:1007D00052EA03354FEA013100F088804FEA0333D3
:1007E0004FF0805545EA131343EA12634FEA0222A1
:1007F00045EA111545EA10654FEA00260EF0004162
:100800009D4208BF964244F1FD0404F5407402D2B3
:100810005B084FEA3202B61A65EB03055B084FEA44
:1008200032024FF480104FF4002CB6EB020E75EB41
:10083000030E22BFB61A754640EA0C005B084FEA69
:100840003202B6EB020E75EB030E22BFB61A7546E6
:1008500040EA5C005B084FEA3202B6EB020E75EB31
:10086000030E22BFB61A754640EA9C005B084FEAA9
:100870003202B6EB020E75EB030E22BFB61A7546B6
:1008800040EADC0055EA060E18D04FEA051545EAA5
:1008900016754FEA06164FEAC30343EA52734FEA4E
:1008A000C2025FEA1C1CC0D111F4801F0BD141EAC7
:1008B00000014FF000004FF0004CB6E711F4801F2C
:1008C00004BF01430020B4F1FD0C88BFBCF5E06F0C
:1008D0003FF6AFAEB5EB030C04BFB6EB020C5FEA1C
:1008E000500C50F1000041EB045170BD0EF0004E71
:1008F0004EEA113114EB5C04C2BFD4EB0C0541EAA3
:10090000045170BD41F480114FF0000E013C90E69F
:1009100045EA060E8DE60CEA135594EA0C0F08BF63
:1009200095EA0C0F3FF43BAF94EA0C0F0AD150EA62
:1009300001347FF434AF95EA0C0F7FF425AF1046F5
:1009400019462CE795EA0C0F06D152EA03353FF41D
:10095000FDAE1046194622E750EA410618BF52EA9A
:1009600043067FF4C5AE50EA41047FF40DAF52EA6E
:1009700043057FF4EBAE12E74FF0FF3C06E000BF0B
:100980004FF0010C02E000BF4FF0010C4DF804CD18
:100990004FEA410C7FEA6C5C4FEA430C18BF7FEAD8
:1009A0006C5C1BD001B050EA410C0CBF52EA430C06
:1009B00091EA030F02BF90EA020F0020704710F186
:1009C000000F91EA030F58BF994208BF90422CBF15
:1009D000D8176FEAE37040F0010070474FEA410C0E
:1009E0007FEA6C5C02D150EA013C07D14FEA430C2C
:1009F0007FEA6C5CD6D152EA033CD3D05DF8040B9D
:100A0000704700BF8446104662468C4619466346CE
:100A100000E000BF01B5FFF7B7FF002848BF10F1A5
:100A2000000F01BD4DF808EDFFF7F4FF0CBF0120EA
:100A300000205DF808FB00BF4DF808EDFFF7EAFF66
:100A400034BF012000205DF808FB00BF4DF808ED21
:100A5000FFF7E0FF94BF012000205DF808FB00BF16
:100A60004DF808EDFFF7CEFF94BF012000205DF8A0
:100A700008FB00BF4DF808EDFFF7C4FF34BF0120AD
:100A800000205DF808FB00BF4FEA410C7FEA6C5C78
:100A900002D150EA013C0AD14FEA430C7FEA6C5C78
:100AA00002D152EA033C02D14FF0000070474FF0F0
:100AB000010070474FEA410212F5001215D211D51C
:100AC0006FF47873B3EB625212D94FEAC12343F04B
:100AD000004343EA505311F0004F23FA02F018BFCD
:100AE000404270474FF00000704750EA013005D196
:100AF00011F0004008BF6FF0004070474FF0000059
:100B0000704700BF4A0011D212F5001211D20DD564
:100B10006FF47873B3EB62520ED44FEAC12343F003
:100B2000004343EA505323FA02F070474FF00000AD
:100B3000704750EA013002D14FF0FF3070474FF05C
:100B4000000070474FEA4102B2F1E04324BFB3F521
:100B5000001CDCF1FE5C0DD901F0004C4FEAC00234
:100B60004CEA5070B2F1004F40EB830008BF20F018
:100B70000100704711F0804F21D113F13872BCBFD2
:100B800001F00040704741F480114FEA5252C2F127
:100B90001802C2F1200C10FA0CF320FA02F018BF70
:100BA00040F001004FEAC1234FEAD32303FA0CFCC3
:100BB00040EA0C0023FA02F34FEA4303CCE77FEA52
:100BC000625307D150EA01331EBF4FF0FE4040F49C
:100BD0004000704701F0004040F0FE4040F400004B
:100BE000704700BF80F0004002E000BF81F000418C
:100BF00042001FBF5FEA410392EA030F7FEA226CC3
:100C00007FEA236C6AD04FEA1262D2EB1363C1BF52
:100C1000D218414048404140B8BF5B42192B88BFC1
:100C2000704710F0004F40F4000020F07F4018BFE4
:100C3000404211F0004F41F4000121F07F4118BF04
:100C4000494292EA030F3FD0A2F1010241FA03FCAC
:100C500010EB0C00C3F1200301FA03F100F0004394
:100C600002D5494260EB4000B0F5000F13D3B0F15C
:100C7000807F06D340084FEA310102F10102FE2ACB
:100C800051D2B1F1004F40EBC25008BF20F001003B
:100C900040EA03007047490040EB0000013A28BFDA
:100CA000B0F5000FEDD2B0FA80FCACF1080CB2EB5D
:100CB0000C0200FA0CF0AABF00EBC25052421843DB
:100CC000BCBFD0401843704792F0000F81F4000180
:100CD00006BF80F400000132013BB5E74FEA410353
:100CE0007FEA226C18BF7FEA236C21D092EA030FBF
:100CF00004D092F0000F08BF0846704790EA010F39
:100D00001CBF0020704712F07F4F04D1400028BF65
:100D100040F00040704712F100723CBF00F5000047
:100D2000704700F0004343F0FE4040F4000070477D
:100D30007FEA226216BF08467FEA23630146420229
:100D400006BF5FEA412390EA010F40F4800070473C
:100D50004FF0000304E000BF10F0004348BF4042E2
:100D60005FEA000C08BF704743F0964301464FF01E
:100D700000001CE050EA010208BF70474FF000037A
:100D80000AE000BF50EA010208BF704711F00043BB
:100D900002D5404261EB41015FEA010C02BF84468B
:100DA0000146002043F0B64308BFA3F18053A3F5EA
:100DB0000003BCFA8CF2083AA3EBC25310DB01FA31
:100DC00002FC634400FA02FCC2F12002BCF1004FB5
:100DD00020FA02F243EB020008BF20F00100704746
:100DE00002F1200201FA02FCC2F1200250EA4C009A
:100DF00021FA02F243EB020008BF20EADC707047E0
:100E00004FF0FF0C1CEAD0521EBF1CEAD15392EAED
:100E10000C0F93EA0C0F6FD01A4480EA010C4002C9
:100E200018BF5FEA41211ED04FF0006343EA501023
:100E300043EA5111A0FB01310CF00040B1F5000F65
:100E40003EBF490041EAD3715B0040EA010062F114
:100E50007F02FD2A1DD8B3F1004F40EBC25008BFFE
:100E600020F00100704790F0000F0CF0004C08BF1C
:100E700049024CEA502040EA51207F3AC2BFD2F1E9
:100E8000FF0340EAC250704740F400004FF00003F7
:100E9000013A5DDC12F1190FDCBF00F00040704731
:100EA000C2F10002410021FA02F1C2F1200200FA6F
:100EB00002FC5FEA310040F1000053EA4C0308BF36
:100EC00020EADC70704792F0000F00F0004C02BF87
:100ED000400010F4000F013AF9D040EA0C0093F002
:100EE000000F01F0004C02BF490011F4000F013B5C
:100EF000F9D041EA0C018FE70CEAD15392EA0C0FCA
:100F000018BF93EA0C0F0AD030F0004C18BF31F034
:100F1000004CD8D180EA010000F00040704790F00A
:100F2000000F17BF90F0004F084691F0000F91F0AE
:100F3000004F14D092EA0C0F01D142020FD193EA74
:100F40000C0F03D14B0218BF084608D180EA0100FC
:100F500000F0004040F0FE4040F40000704740F0D8
:100F6000FE4040F4400070474FF0FF0C1CEAD052A6
:100F70001EBF1CEAD15392EA0C0F93EA0C0F69D002
:100F8000A2EB030280EA010C49024FEA402037D06D
:100F90004FF0805343EA111143EA10130CF0004064
:100FA0008B4238BF5B0042F17D024FF4000C8B4254
:100FB00024BF5B1A40EA0C00B3EB510F24BFA3EB34
:100FC000510340EA5C00B3EB910F24BFA3EB910304
:100FD00040EA9C00B3EBD10F24BFA3EBD10340EA5E
:100FE000DC001B0118BF5FEA1C1CE0D1FD2A3FF6A4
:100FF00050AF8B4240EBC25008BF20F00100704759
:101000000CF0004C4CEA50207F32C2BFD2F1FF03FB
:1010100040EAC250704740F400004FF00003013A2C
:1010200037E792F0000F00F0004C02BF400010F4D0
:10103000000F013AF9D040EA0C0093F0000F01F0E4
:10104000004C02BF490011F4000F013BF9D041EA06
:101050000C0195E70CEAD15392EA0C0F08D1420239
:101060007FF47DAF93EA0C0F7FF470AF084676E70C
:1010700093EA0C0F04D14B023FF44CAF08466EE7E5
:1010800030F0004C18BF31F0004CCAD130F00042B3
:101090007FF45CAF31F000437FF43CAF5FE700BF0B
:1010A0004FF0FF3C06E000BF4FF0010C02E000BF34
:1010B0004FF0010C4DF804CD4FEA40024FEA4103D6
:1010C0007FEA226C18BF7FEA236C11D001B052EA8C
:1010D000530C18BF90EA010F58BFB2EB030088BF52
:1010E000C81738BF6FEAE17018BF40F001007047C1
:1010F0007FEA226C02D15FEA402C05D17FEA236CA3
:10110000E4D15FEA412CE1D05DF8040B704700BFE9
:10111000844608466146FFE70FB5FFF7C9FF002880
:1011200048BF10F1000F0FBD4DF808EDFFF7F4FFB9
:101130000CBF012000205DF808FB00BF4DF808ED52
:10114000FFF7EAFF34BF012000205DF808FB00BF75
:101150004DF808EDFFF7E0FF94BF012000205DF897
:1011600008FB00BF4DF808EDFFF7D2FF94BF012048
:1011700000205DF808FB00BF4DF808EDFFF7C8FF41
:1011800034BF012000205DF808FB00BF4FEA400299
:10119000B2F1FE4F0FD34FF09E03B3EB12620DD9A5
:1011A0004FEA002343F0004310F0004F23FA02F00F
:1011B00018BF404270474FF00000704712F1610FB6
:1011C00001D1420205D110F0004008BF6FF000408D
:1011D00070474FF00000704742000ED2B2F1FE4F50
:1011E0000BD34FF09E03B3EB126209D44FEA0023F6
:1011F00043F0004323FA02F070474FF000007047BD
:1012000012F1610F01D1420202D14FF0FF3070475D
:101210004FF00000704700BF53B94AB9002908BF1A
:1012200000281CBF4FF0FF314FF0FF3000F00CB82A
:10123000ADF1080C6DE904CE00F008F8DDF804E02B
:10124000DDE9022304B07047704700BF2DE9F04785
:1012500086468C460846154674461946089E002B5D
:1012600040F0C2808542B2FA82F245D94AB1C2F159
:10127000200300FA02FC2EFA03F3954043EA0C0C1B
:1012800094404FEA154EBCFBFEF8A8B20EFB18CCFA
:1012900008FB00F9230C43EA0C43994528D9EB18C5
:1012A00008F1FF3704D2994502D9A8F102072B446F
:1012B000A3EB0903B3FBFEFC0EFB1C330CFB00F09D
:1012C000A4B244EA0344A04214D92C190CF1FF3310
:1012D00004D2A04202D9ACF102032C44241A43EAFE
:1012E00007401EB10023D44034607360BDE8F0872E
:1012F0004746DDE76346F1E792BB0121431B4FEA16
:10130000154EB3FBFEFCAFB20EFB1C330CFB07F813
:10131000200C40EA0343984562D9EB180CF1FF30EA
:1013200004D2984502D9ACF102002B44A3EB080388
:10133000B3FBFEFC0EFB1C330CFB07F7A4B244EA24
:101340000344A7424ED92C190CF1FF3304D2A74213
:1013500002D9ACF102032C44E41B43EA0040C0E78D
:10136000C2F12003954020FA03F12EFA03F34FEA6D
:10137000154EB1FBFEFC90400343AFB20EFB1C10B8
:101380000CFB07F8190C41EA0041884504FA02F405
:1013900022D969180CF1FF3004D2884502D9ACF18A
:1013A00002002944A1EB0801B1FBFEFC0EFB1C115D
:1013B0000CFB07F79BB243EA01439F420ED9EB189F
:1013C0000CF1FF3104D29F4202D9ACF102012B444F
:1013D000DB1B41EA004192E76046E3E76146F7E73D
:1013E0006046A3E76346B7E7834206D916B90021F2
:1013F00008467BE7C6E900E0F9E7B3FA83F78FB95F
:10140000834201D3724508D8BEEB020460EB0303AC
:1014100001209C461EB9002168E73846FAE7C6E974
:10142000004CF8E7C7F1200CBB4022FA0CF41C4337
:101430004FEA144920FA0CF3B3FBF9F8B8402EFA3E
:101440000CF101430EFA07F509FB18301FFA84FE70
:1014500008FB0EFA0B0C43EA00439A4502FA07F226
:1014600040D9E31808F1FF3004D29A4502D9A8F117
:1014700002002344A3EB0A03B3FBF9F809FB18337A
:1014800008FB0EFE89B241EA03418E452CD9611852
:1014900008F1FF3304D28E4502D9A8F1020321449A
:1014A00043EA0040A0FB0298A1EB0E014145CE4665
:1014B000434602D306D14D4504D2B9EB020E68EB88
:1014C00004030138002EA6D0B5EB0E0261EB030138
:1014D00001FA0CFC22FA07F34CEA0303F940C6E9CF
:1014E000003198E74046C5E74346D9E700000000D1
:1014F000C1F30A5C2DE9F041ACF2FF35132D024631
:101500000B460C46064634DC002D20DBDFF8D88085
:101510000F4648FA05F801EA080C5CEA000C2DD0E9
:101520002FA3D3E90023FEF75FFE00220023FFF77D
:10153000A1FA40B1002C03DD4FF480132B411F446E
:10154000002627EA080421463046BDE8F08124A39E
:10155000D3E90023FEF748FE00220023FFF78AFAB2
:101560000028F0D0002C35DB344331D000261F4C4E
:10157000E9E7332D06DDB5F5806F26D01046194614
:10158000BDE8F0814FF0FF37ACF2134C27FA0CF7AF
:101590003842F3D012A3D3E90023FEF725FE002240
:1015A0000023FFF767FA0028CDD0002C334609DD71
:1015B000142D06D00122C5F13405AA4013449E42E1
:1015C00000D9013423EA0706BDE7FEF70DFED7E791
:1015D0002646B8E700264FF00044B4E7AFF300809A
:1015E0009C7500883CE4377EFFFF0F000000F03F51
:1015F000C1F30A5C2DE9F041ACF2FF35132D024630
:101600000B460C46064632DC002D20DBDFF8E0807E
:101610000F4648FA05F801EA080C5CEA000C2BD0EA
:1016200031A3D3E90023FEF7DFFD00220023FFF7FB
:1016300021FA40B1002C03DA4FF480132B411F44F0
:10164000002627EA080421463046BDE8F08126A39B
:10165000D3E90023FEF7C8FD00220023FFF70AFAB2
:101660000028F0D0002C27DB00263446EBE7332D92
:1016700006DDB5F5806F1CD010461946BDE8F08137
:101680004FF0FF37ACF2134C27FA0CF70742F3D0B8
:1016900015A3D3E90023FEF7A7FD00220023FFF7DF
:1016A000E9F90028CFD0002C33460CDB23EA0706EB
:1016B000C9E7FEF799FDE1E724F0004426430DD188
:1016C0004FF00044BFE7142D06D00122C5F13405C8
:1016D000AA401344B342E9D20134E7E70026054C9F
:1016E000B1E700BFAFF300809C7500883CE4377E13
:1016F000FFFF0F000000F0BF2DE9F04F16461F4618
:10170000016C9FB0CDE904672B9D039049B1012383
:10171000426C044693408B604A600AF087FD0023C8
:101720002364B7F10009B4BF012300232B60784B79
:10173000BCBF29F00049CDF8149033EA090300F04A
:10174000AB80DDE904341846214600220023CDE9B0
:101750000801FFF767F9804668B101232A9A1360F0
:101760002C9B13B16B4B2C9A13606B4B0A930A980A
:101770001FB0BDE8F08F1CAB01931DAB0093039825
:10178000DDE908230BF07EF85FEA1955824640F048
:101790009980DDE91C85454405F23243202B40F356
:1017A0008683C3F1400309FA03F905F2124326FACE
:1017B00003F349EA0300FEF753FE0123013D1193B1
:1017C000A1F1F8710022554BFEF70CFD4AA3D3E9B5
:1017D0000023FEF7BFFE4AA3D3E90023FEF704FD72
:1017E000064628460F46FEF74BFE47A3D3E90023E3
:1017F000FEF7B0FE02460B4630463946FEF7F4FCD3
:1018000006460F46FFF756F900228346002330466E
:101810003946FFF711F9002840F01D83A8EB0508B1
:10182000BBF1160F08F1FF3400F29081DDE90801E9
:101830003B4D05EBCB05D5E90023FFF7FDF800286C
:1018400074D00023002C0BF1FF3B1093C0F2838176
:1018500000230B93BBF1000F6EDA0B9BCDF838B071
:10186000A3EB0B030B93CBF100030F93289B4FF0DB
:10187000000B092B68D8052B40F31E830025043B81
:101880002893289B023B032B00F22986DFE813F004
:101890006304600457043B0442F20F732A9AC9F3AD
:1018A000130959EA060913601CD12C9B002B00F088
:1018B00031861C4B0A9308332C9A0A9813601FB088
:1018C000BDE8F08FDDE90812C2F31303084643F0C8
:1018D0007F51CDF84480A5F2FF35DDF8708041F4EA
:1018E00040116FE72C9B002B40F0EA830E4B0A93CC
:1018F0003DE700BFAFF3008061436F63A787D23F2E
:10190000B3C8608B288AC63FFB799F501344D33FEE
:101910000000F07F4D2001084C2001080000F83F36
:10192000E0170108902001089C200108B8F1000F81
:1019300040F3608410900B9000230F93289B5C442D
:10194000092BCDF838B096D9002328934FF0FF33F8
:101950000125069300230C9529930021069B1893DB
:10196000039B596403980AF03BFC0A90002800F09E
:10197000BF85039B0A9A1A64069B0E2B00F2158101
:10198000002D00F012810E9A002A40F33A84B24DE5
:1019900002F00F0305EBC303D0054FEA2215D3E98C
:1019A000008940F1F983DDE90801AC4B0327D3E955
:1019B0000823FEF7F9FECDE9120105F00F057DB110
:1019C000A64EE90708D5D6E9002340464946FEF76A
:1019D000C1FD8046894601376D1006F10806F0D139
:1019E000DDE9120142464B46FEF7DEFE804689469F
:1019F000109B43B1002240464946994BFFF71CF823
:101A0000002840F0F3843846FEF73AFD42464B4644
:101A1000FEF7A0FD934B0022FEF7E6FB069B064671
:101A2000A1F15077002B00F0A9800E9B1993069B23
:101A300012930A9B49464046CDE914675E1CFFF7A6
:101A400039F8854D1299074605EBC10353E9021297
:101A5000CDE91612FEF714FD02460B4640464946F4
:101A6000FEF7C0FBDDE9162389460C993037804626
:101A7000FFB2002900F0548400207B49FEF794FE59
:101A8000DDE91423FEF7AEFB02460B460A9DCDE9C5
:101A900014232F7042464B46FEF7ECFF002840F01F
:101AA0009984CDE91AB4CDF858A00027DDE914AB2C
:101AB000129D2AE00137AF4280F2E0845046594639
:101AC00000226A4BFEF746FD0022684B82468B4699
:101AD00040464946FEF73EFD89468046FEF7EAFF4E
:101AE0000446FEF7CDFC02460B4640464946FEF74B
:101AF00079FB303452465B4606F8014B80468946F6
:101B0000FEF79AFF002840F0B68442464B4600207C
:101B10005349FEF767FB52465B46FEF78DFF0028F0
:101B2000C8D0199B3746DDF858A00A9A03F101087E
:101B300002E0974200F07E843E4617F8013D392BC3
:101B4000F7D00133DBB245463B7073E10123002C33
:101B50001093BFF67DAEC8F1010300240B9379E624
:101B60003846FEF78DFC42464B46FEF7F3FC00225A
:101B70003C4BFEF739FB0646A1F1507740464946FB
:101B800000223B4BFEF72EFB32463B468046894601
:101B9000FEF770FF002840F05C844046494632461C
:101BA00007F10043FEF748FF28BB1D9B002BC0F246
:101BB00091800E9A0E2A00F38D80274D0E9B05EB27
:101BC000C305D5E90034CDE90434299B002B19DA8B
:101BD000069B002B16DC0ED1DDE904010022244B0C
:101BE000FEF7B8FC02460B46DDE90801FEF72EFFC2
:101BF000002800F02E844FF000094F460A9E299BD2
:101C0000DD4324E2DDE90445DDE9088922462B466F
:101C100040464946FEF7C8FDFEF74CFF0646FEF774
:101C20002FFC22462B46FEF795FC0A9F0B460246E8
:101C300049464046FEF7D6FA06F1300307F8013B65
:101C4000069B012B00F011830125CDF818A09946C1
:101C5000DDE904ABA8462BE0E0170108B81701083E
:101C60000000F03F00001C400000E03F0000244066
:101C70000000144052465B4620462946FEF794FD7C
:101C8000FEF718FF0646FEF7FBFB52465B46FEF7E3
:101C900061FC08F101080B46024629462046FEF782
:101CA000A1FA06F13003C84507F8013B00F0DB82DA
:101CB0000022B94BFEF74EFC0022002304460D46DD
:101CC000FEF7B0FE0028D5D00E9D3E46DDF818A0E8
:101CD0000135AFE00C9A002A40F0D18000231F4666
:101CE0000F9E0B9D0C9355B1002C08DDA5422B4691
:101CF000A8BF23460B9AED1AD21A0B92E41A0F9B37
:101D000053B10C9B13B1002E40F0E88251460F9A5C
:101D100003980AF017FC8246012103980AF032FB6F
:101D20008146BBF1000F40F0B681289B012B40F3A8
:101D3000CC810120204410F01F0000F09980C0F1F8
:101D40002003042B40F3DA810B9BC0F11C000344F9
:101D50000B93054404440B9B002B05DD51461A46AA
:101D600003980AF049FC8246002C05DD49462246CC
:101D700003980AF041FC8146109B002B40F07081D3
:101D8000069B002B40F348810C9B002B40F0A38066
:101D90000E9D01350126DDF82880069CDDF80CB08B
:101DA00007E0514600230A2258460AF049FA8246C3
:101DB00001364946504609F01DFCA64200F13003A9
:101DC00008F8013BEDDB069A0024002ACCBF16463A
:101DD00001260A9A02EB060B51460122039804934E
:101DE0000AF00AFC494682460AF07CFC002840F3CF
:101DF000E4810A9A02E05A4500F0EA811BF8013CAE
:101E00005E46392B0BF1FF3BF5D001338BF80030E8
:101E1000DDF80C80494640460AF008FA57B12CB16B
:101E2000BC4203D0214640460AF000FA39460398E6
:101E30000AF0FCF9514603980AF0F8F900233370D0
:101E40002A9B1D602C9B002B3FF491AC0A981E60CE
:101E50001FB0BDE8F08F5846FEF712FB32463B46F6
:101E6000FEF7E0FD00287FF4D9AC0BF1FF3BD5E491
:101E70001C230B9A1D441A440B921C446BE7289AAE
:101E8000012A40F3AA81069A0F9B561EB342C0F264
:101E90006C81002AA3EB060680F2E1820B9B069A76
:101EA0009D1A012103980AF06DFA07461BE7C3F15A
:101EB000200306FA03F07EE40125E2E4394600231C
:101EC0000A2203980AF0BCF9189B0746002B40F33E
:101ED000F3820E960693002D00F34081BBF1000FB4
:101EE00040F0E081B8460A9B069C1E46013B1C441C
:101EF000049B03F00103CDE90B43039C4946504684
:101F000009F078FB3946834650460AF0EBFB42461F
:101F10004946054620460AF005FCC26801460BF119
:101F20003003002A3AD10690504608930AF0DAFBB3
:101F300002460699204606920AF078F9069A089B0E
:101F4000002A59D1289A1AB90C9A002A00F09C82CA
:101F5000002D44DBB3460B9A0BF8013BB24200F074
:101F6000B881514600230A2220460AF069F9474504
:101F7000824639464FF000034FF00A02204635D022
:101F80000AF05EF94146074600230A2220460AF07D
:101F900057F95E468046B1E7000024400398069357
:101FA0000AF044F9002D069B06DB049A289902F0FA
:101FB00001020D432A432AD151460122039804937A
:101FC0000AF01AFB494682460AF08CFB0028049B63
:101FD00040F3E880392B00F032820BF131030E9D83
:101FE0003C460135474606F8013B11E70AF028F95F
:101FF0005E460746804681E7002DC0F28082289920
:102000000D430C990D4300F07A82002AA2DD392B92
:1020100000F015820133E2E7289B022B7FF7B4AE74
:10202000069B002B40F01D814946052203980AF0CB
:1020300007F98146504649460AF054FB002840F310
:10204000108131230E9D0A9E013506F8013B494659
:10205000039801350AF0EAF8002F7FF4E7AEE9E6CD
:10206000494650460AF03EFB0028BFF689AE51466D
:1020700000230A2203980AF0E3F80E9B82465E1EB4
:102080000C9B002B7FF41AAF189B002B40F30282AD
:102090000E9D06937EE601465A4603980AF052FAD0
:1020A000289B8146012B6CDD4FF0000BD9F81030D6
:1020B00009EB830318690AF015F9C0F1200039E62D
:1020C000934B0A930333FFF7F7BB049B002B7FF47A
:1020D00030AEDDE90412C2F31303002B7FF429AE06
:1020E0008C4B134023B10B9B013401330B93012321
:1020F000BBF1000F40F0B1819B461AE63FF42BAED6
:10210000C0F13C03B5E601230C93299B0E9A1344BE
:1021100018930133012B1E46B8BF01260693172ED4
:1021200040F3D881012204235B0003F11400B04284
:10213000114602F10102F7D9039B596412E401230D
:102140000C93299B002B33DD1E4618930693E6E77C
:1021500000230C93D9E700230C93F2E739462A4673
:1021600003980AF049FA0746B8E60F9B069AF31A55
:102170009B440B9B0F961D461344002614440B935F
:102180008FE6049B002B8FD1DDE90401C1F313031B
:102190000A46002B88D1A3E7DDE908230227CDE911
:1021A00012230CE47FF41BAFDC077FF518AF11E7B7
:1021B000012329930693FFF7D0BB03D1049BD807D3
:1021C0003FF517AE5E461BF8013D302BFAD01FE6F7
:1021D00031230A9A013513701AE6119A002A00F089
:1021E000FC8003F233430B9A0F9E15461A441C449D
:1021F0000B9256E6C8F1010304460B931090FFF7CB
:102200009BBB00F0EE80DDE908010E9B424D5E4273
:1022100006F00F0305EBC303D3E90023FEF79AF999
:102220003511CDE9120100F05081002302278046CC
:1022300089463A4EEA0709D5D6E900234046494681
:10224000FEF788F901238046894601376D1006F1B3
:102250000806EFD1002B7FF4CBABDDE91289FFF745
:10226000C7BB0A9ECBE4DDF818A002460B46FDF77B
:10227000BBFF02460B460E9DCDE90623DDE9042394
:102280000135A846FEF7F6FB40B9DDE90423DDE998
:102290000601FEF7C7FB18B1F60701D50A9A4BE411
:1022A0003E46C7E50398796809F09AFF054600287D
:1022B00000F029813B6907F10C0102339A000C30D0
:1022C000FDF716FF2946012203980AF095F980468A
:1022D00009E60E9D3C46013547467DE5DDF80C904C
:1022E0003946324648460AF02DF9074652463946E5
:1022F00048460AF075F880465146484609F096FF70
:102300000F9BC2469B1B0F933FF406ADFEE400BF3C
:102310009C2001080000F07FE0170108B8170108B1
:10232000DDE91401FEF716F90A9BCDE90C011F70D7
:10233000129B012B00F0C780129F0A9BCDF844B07E
:102340001F4400227B4B40464946FEF703F989466D
:102350008046FEF7AFFB8346FEF792F802460B4637
:1023600040464946FDF73EFF0BF1300B06F801BB36
:10237000B74280468946E4D1DDF844B00022DDE969
:102380000C016D4BFDF730FF02460B4640464946B7
:10239000FEF770FB002868D1DDE90C2300206649B8
:1023A000FDF720FF02460B4640464946FEF744FB38
:1023B00048B91D9B002BFFF691AC0E9B0E2B3FF7EF
:1023C0008DACFFF7FBBB17F8013C3E46302B07F105
:1023D000FF37F8D0199D01352CE51C9BC3F136035E
:1023E00001E70227DDE90889FFF702BB069B002B06
:1023F0003FF4B6AB189B002B7FF7D7AB12930E9B25
:102400000022013B4046494619934A4BFEF7A2F889
:1024100080468946781CFEF733F842464B46FEF765
:1024200099F80022454BFDF7DFFE0646A1F15077F3
:10243000FFF7FFBA312308F10108FFF784BBB34669
:1024400039230E9D3C460A9A474601350BF8013B5D
:10245000D4E44FF000094F46F3E59B4626E60B9B7C
:1024600014441D4613440B931BE5199B0A9A03F170
:102470000108FFF761BBDDF858A0ABE7DDF858A015
:10248000DDE91AB4FFF791BB392BD8D0002D3FF707
:10249000A4ADA4E5289B022B0ADC189B49460693B1
:1024A0000E9D09F0A7F80A9A00F1300313708AE430
:1024B000189B0E960693B3E5289B022BF8DC189B1D
:1024C0000E96069307E5374658E70227DDE912899D
:1024D000FFF78EBA0021039B5964FFF743BA00252A
:1024E000039B294618465D6409F07AFE0A90A8B954
:1024F00000224FF4D571124B12480BF033FC002A26
:102500007FF76DAD58E5024640F2EA210C4B0D48CD
:102510000BF028FC0C4B0A93FFF729B9039B0A9A8E
:1025200029951A644FF0FF33012218930C920693F9
:10253000FFF73BBB000024400000E03F00001C40D0
:10254000A0200108B42001089020010870B51646AB
:102550000925084C013D00D170BD237A3BB162686A
:102560002AB1236826FA03F3DB0700D590470C3421
:10257000F0E700BFE40A00200122014B1A70704707
:10258000CC0C002010B50446044805F011FCE369AA
:10259000A3624FF48073E36210BD00BFEC21010819
:1025A0002DE9F04F82460D46984691468DB0CAB14E
:1025B00000F1280104AE006A06AFB5B1002B3CD093
:1025C000CDE906320123CDE90452CDE90863CDE916
:1025D0000A7308AA0AAB0BF0C6FC014610B11E48EC
:1025E00005F092FB0DB0BDE8F08F2C464FF0010BCB
:1025F0002DB32B5D8DF80E304FF000038DF80F30AA
:102600000DF10E0304930DF10F030693DAF8200089
:102610000AAB08AA0191CDE9086BCDE90A7BCDF898
:1026200014B0CDF81CB00BF09EFC019948B10146E6
:1026300022460A4805F068FBD4E71C46D6E7FF238C
:10264000D8E7B8F1000F03D09DF80F3008F8043038
:102650000134A145CCD1C5E7F521010810220108BC
:102660002DE9F0410546481C1E4651D1BDE8F081D8
:10267000047A5CBB0127C0E900120772CCB2286D56
:102680004FF4803221460BF0CCFC286D8268036940
:10269000D2F81880B8F1000F23D1092200240120BC
:1026A0001D4B013A2CD105F14406286D31460BF043
:1026B00091FC1A4B286DC5E912348368DB69002B45
:1026C000D4D03146BDE8F0410122184704688C425D
:1026D000D0D00C30013BCBD1BDE8F041104805F023
:1026E00067BB320205D51B68A7401F4218BF86F0A2
:1026F000C0660C4B2146334006F0B072C047CCE7B1
:10270000197A19B1196800FA01F10C430C33C8E7C2
:1027100009230148DEE700BFE40A00204D25000838
:1027200036220108400000064B1C70B505460C46D9
:1027300018D0006DC9B283689E691EB100234FF4A2
:102740000012B047286D05F144010BF043FC09224B
:10275000064B013A06D0197A29B119688C4202D188
:1027600000221A7270BD0C33F3E700BFE40A0020A8
:102770002DE9F04FADF5377DBA480CF0D6FA38B9EF
:10278000B9480BF032FD00200DF5377DBDE8F08F24
:10279000B6480CF0CAFA08B9B548F2E7B3480CF0ED
:1027A000C4FA08B9B348ECE74FF4D0120421AF489B
:1027B0000BF037FC4FF480320821AC480BF031FCB1
:1027C0004FF480320A21A9480BF02BFC4FF4D012B1
:1027D0000921A6480BF025FC01220921A3480BF092
:1027E000FFFB05200BF07BFC0821A0480BF0A7FBAA
:1027F0000A2104469D480BF0A2FB092105469B488F
:102800000BF09DFB2A46034621469B480BF0EDFC4E
:102810000022092195480BF0E3FB02200BF05FFC3E
:102820000122092191480BF0DBFB0A200BF057FC39
:1028300008218E480BF083FB0A2104468B480BF0DD
:102840007EFB0921054689480BF079FB2A460346A1
:1028500021468A480BF0C9FC0025DFF82492DFF8F6
:1028600024B209F1030A162200210DF58F7005F03C
:10287000EFF9B9F800100BAEADF82810BAF8001057
:102880004FF00108318003217F4B784F46933BF88E
:10289000023B0AAA43F48073ADF81C3199F8023068
:1028A0000EAC8DF82A309AF80230CDE90C21C4E93B
:1028B0000061B37000220CAB04213846CDE91E380C
:1028C000CDE930480BF08CFB05200CF008FA30AB5A
:1028D0001EAA46A963480BF046FB079005200CF0A2
:1028E000FEF94246042138460BF07AFB33787278C1
:1028F0000A213846B678099308920BF020FB089A13
:102900002946CDE901600092099B079A5F4845443A
:102910000BF06BFC042DA6D14FF0A8634FF0507163
:102920004FF40032CDE90131CDF8008000234FF49F
:10293000803130A803F06AF80926CDE944770A27E8
:10294000534B1C223093534B00213793454B3AA8ED
:10295000CDE9383505F07CF9602200214E4805F0BC
:1029600077F94E4805F024FA2A46082330A9CDE924
:1029700000671EA803F060F81EA946A803F082F8BD
:1029800047480BF032FC00230593002304930823EF
:102990001220CDE902730723424ACDE900304249B3
:1029A000334646A80CF087FE054620B101463F4855
:1029B0000BF01BFCE7E63E483E4E0BF016FC3E4992
:1029C00046A80EF018F8336840215A1C32602046A1
:1029D0003A4A05F007FA21462A4646A80EF001FCBD
:1029E000014608B13648E3E736480BF0FEFB364DAA
:1029F000DFF8C880354F2B781BB90A200BF06FFB2E
:102A0000F9E7002346A82B700DF009F80146C8B974
:102A10002F480BF0EAFB4FF47A700BF060FB336841
:102A200040215A1C32602046424605F0DBF921461F
:102A3000002246A80EF0D5FB014638B925480BF018
:102A4000D4FBD8E724480BF0D0FBE4E7021D01D10A
:102A50002248F4E7431D01D12148F0E738460BF046
:102A6000C4FBC8E7541501085D220108E4140108FD
:102A700070220108852201089D220108D222010846
:102A8000AC170108DE21010840420F0006230108AF
:102A9000B018010880841E00E40A002047230108C2
:102AA0005D2301080000FA420000D94377230108A2
:102AB00096230108E00A002079250008AE230108CA
:102AC000BF230108E7230108CC0C00209D24010846
:102AD000062401084124010818240108562401088D
:102AE0007A240108014B1B68184700BF9806002094
:102AF000014B1860704700BF9806002007B50B46D1
:102B0000002102460091034800F06AF803B05DF826
:102B100004FB00BFE52A0008F0B5024601680A2759
:102B20000020074E0B461C780131355D6D0701D43E
:102B30001360F0BD07FB0043A3F13000F2E700BFD4
:102B4000051F01082DE9F84F15469A46D378234A08
:102B50006F2B12F803B081460F460BF0030B2BD0FE
:102B600026D8582B0CBF10260A26DDF828803246BE
:102B7000002348463946FEF74FFB092A08F1FF3883
:102B8000D4B21ED83034B145E4B277F1000788F8EA
:102B9000004001D3D04511D82B789B0605D5082ECF
:102BA00015D1AB7843F00803AB704046BDE8F88F11
:102BB00003F0F703702BD5E70826D6E781460F46CA
:102BC000D5E7BBF1010F0CBF37345734DBE7102ECC
:102BD000EBD1AB7843F01003E6E700BF051F010817
:102BE0002DE9F04F8A4616461C46002597B0039003
:102BF000307808B9284655E325280AD05146039B6A
:102C000098470028C0F24E83731C01350493049E3C
:102C1000EEE71822002110A805F01AF87378252B8A
:102C200000F0A380002398469E469C461846711CDF
:102C30000F4611F8012B2B2A00F0C68000F2BD8050
:102C4000202A00F0C480232A00F0C4802BB19DF814
:102C5000483043F040038DF84830B8F1000F05D0FC
:102C60009DF8483043F020038DF84830BEF1000F46
:102C700005D09DF8483043F010038DF84830BCF182
:102C8000000F05D09DF8483043F008038DF8483018
:102C900028B19DF8483043F004038DF848309DF882
:102CA000483003F04401442903D16FF386138DF8B3
:102CB00048309DF848302A2A43F0800309978DF860
:102CC000483040F08C809DF8493043F001038DF886
:102CD00049307B1C1A782E2A0CBF012100219DF857
:102CE000492061F341028DF849200CD15A1C099208
:102CF0005A782A2A40F083809DF84920023342F016
:102D000004028DF849201A786C2A00F0A48000F2A1
:102D10008680682A00F08C806A2A00F0A5804C2A00
:102D200000F0AA801A4612F8013B782B04928DF825
:102D30004B309DF8492000F217816D2B00F2A980DD
:102D4000692B00F21181572B00F2BE80412B03D07A
:102D5000453B022B00F2088104229DF84A3062F3C1
:102D600002038DF84A300123CAE08DF84B30B31CC2
:102D700004939DF84930D90740F1FD8054F8048B45
:102D8000B8F1000F07DA9DF84820C8F1000842F0BA
:102D900004028DF848205A0740F1F68054F804BB2D
:102DA000BBF1000F80F2F5809DF849306FF34103CD
:102DB0008DF849304FF0FF3BEBE02D2A0DD0302A43
:102DC0007FF444AF012333E74FF0010C30E74FF0BD
:102DD000010E2DE74FF001082AE7012028E709A896
:102DE000FFF79AFE099BBB423FF474AF9DF8482061
:102DF0001390C00F60F341028DF848206AE709A8DC
:102E0000FFF78AFE9DF848301490C3F3400242EA6F
:102E1000D07262F341038DF84830099B73E7742A3E
:102E200026D07A2A7FF47EAF06219DF849200CE057
:102E30005A78682A9DF8492006D1012161F3C6021B
:102E40008DF8492002336DE7022161F3C6028DF847
:102E50004920013366E75A786C2A9DF8492001D150
:102E60000421EBE70321F0E705219DF84920ECE779
:102E700007219DF84920E8E7BDF8482022F4F042F8
:102E800022F0020242F4804242F00202ADF84820F1
:102E9000DFE76E3BD9B201238B4040F282410B4207
:102EA00038D113F0240F52D1DF075DD503219DF8EF
:102EB0004A3061F302038DF84A3002F07803A3F13F
:102EC0004000434243411BE00120A3F15801C9B235
:102ED00000FA01F111F4624F7FF43EAF40F60107B2
:102EE00039421DD111F4043F3ED09DF84A3060F3C1
:102EF000020302F07802402A8DF84A3034D00023D1
:102F00009DF84820C2F340010B4363F341028DF862
:102F100048202EE702219DF84A3061F30203E8E7DA
:102F200002209DF84A1002F0780260F30201402A64
:102F30008DF84A1002BF9DF8481041F001018DF84C
:102F40004810632BDBD1131E18BF0123D8E70321E0
:102F50009DF84A3012F0780F61F302038DF84A3081
:102F600014BF01230023CBE79DF8483043F0010351
:102F70008DF84830C3E79DF94820002AACBF4FF0D8
:102F8000FF38DDF84C8006E79F077FF513AFDDF8CB
:102F900050B00023CDE913339DF84A309DF8491015
:102FA00003F00703012BC1F3C30132D1CB1E042B65
:102FB00004D8DFE803F020454520200023680129DC
:102FC0004FEAE372CDE910321BD19DF94030DA1798
:102FD000CDE9103204349DF8483013F003074FD088
:102FE00032465146049B03980BF016F90028C0F2B4
:102FF000598105440BE654F8043BDA17CDE9103249
:10300000E9E70229E6D11AB243F3C033CDE9102330
:10301000E0E7022B24D1CB1E042B04D8DFE803F019
:1030200018101018180001294FF0000254F8043B42
:1030300014D00229CDE91032CDD19BB21093CAE74A
:10304000073424F00704F4E80223CDE91023C2E793
:1030500054F8043B109300231193BCE7DBB2CDE797
:10306000042B08D1073424F00704D4E900230834E2
:10307000CDE91023AFE7032BADD154F8043BDDE7D6
:103080009DF84B0078283FF6C2AD62281ED825284F
:1030900050D058287FF4BBADDDE910010DF13E039F
:1030A000009312AA0AABFFF74DFDBBF1000F81465A
:1030B00080F2C180B9F1000F3FF4A9AD0DF13E06D9
:1030C000A6EB0903002F7BD0013379E06338152884
:1030D0003FF69DAD01A252F820F000BFAF310008CD
:1030E0000D3200080F2C00080F2C00080F2C0008D0
:1030F0000F2C00080D3200080F2C00080F2C0008C0
:103100000F2C00080F2C000859320008313200083B
:103110006D3100080F2C00080F2C00084531000805
:103120000F2C0008313200080F2C00080F2C00086B
:10313000313200085146039B98470028C0F2B28004
:10314000013564E5BBF1000FDDF840900ADB59461C
:10315000484604F0F9FEB9F1000F3FF458AD09EB11
:10316000000620E0484604F07FFEF8E710980028AB
:1031700000F086800DF13E060AAB0021009612AAEF
:10318000FFF7E0FCBDF84A30BBF1000F03F0EF039E
:1031900043F4F04343F010038146ADF84A3049DA76
:1031A00000283FF434AD0027A6EB090308E0109B8C
:1031B00000278DF8283001230DF129060DF128098B
:1031C0009DF84A1011F0100206925FD00233139A54
:1031D000134405924A0644BF14995B18B8F1000FD6
:1031E0006DDDA8EB03089DF848305807C3F3800B4A
:1031F00065D4590659D53FB151463846039B984787
:1032000000284FDB5F46013530234FE01E075ABFD1
:10321000C3F300135F012B27DDE91023002BBFF65A
:103220003BAF524263EB43032D27CDE9102333E735
:10323000002731E700279DF848100DF13E03A3EB6E
:1032400009036FF386119B458DF848107FF632AF66
:10325000ABEB030313932DE7109B07293FF6D7AC85
:10326000DFE801F00C04060C08080C0C1D70CEE41D
:103270001D80CCE4EA17C3E90052C8E41D60C6E42F
:10328000304E07460523A6F1050999E7080748BF10
:1032900001339CE7184607935146039B9847002843
:1032A000079B04DA17B0BDE8F08F2023C3465946C8
:1032B00000290BF1FF3BEDDC4544D8466D1A37B1D0
:1032C00051463846039B98470028EBDB01359DF8B3
:1032D0004A30DA0601D41B0706D551463020039B3D
:1032E00098470028DEDB0135069B3BB151469DF82F
:1032F0004B00039B98470028D4DB0135059F2F44E2
:1033000006E051463020039B98470028CADB013570
:103310007B1B002BF5DC33464A46514603980AF0E6
:103320007BFF0028BEDB0544A844A8EB0503002B67
:103330007FF76DAC51462020039B98470028B1DBF6
:103340000135F2E7C5240108074B00205A6822F036
:1033500001025A605A6822F002025A605A6822F04A
:1033600004025A60704700BF002004E0044A13685A
:1033700043F010031360034B034A1A60704700BF09
:10338000002002406C07002000127A0008B50348B4
:10339000034A0021121A0AF057FF08BD60090020F5
:1033A000D40C0020074808B5074A0849121A0AF049
:1033B0004DFFBDE808400648064A0749121A0AF0C0
:1033C00045BF00BF000000205C0900207C2A0108E6
:1033D00000000020000000207C2A010838B50546C6
:1033E0000C4699B1D1E901230F4809680AF0FDFEA6
:1033F000D4E90423E1680D480AF0F7FEE1690C48BE
:103400000AF0F3FEA1690B480AF0EFFE012D05D189
:10341000EFF30581084810390AF0E7FE21462846F7
:10342000BDE8384001F076BBC6240108F624010847
:1034300026250108362501086525010830BFFFF75C
:10344000FDBF00BF054B5A699B689A421FBF044AE3
:10345000536843F080535360704700BF380C00201E
:1034600000ED00E010B51D4C1D480AF0BEFEA36A39
:10347000990130D51B480AF0B8FE1E20A36ADA0174
:1034800003D519480AF0B1FE1F20144CA36A1B0390
:1034900003D516480AF0A9FE2120A36A590303D5D3
:1034A00013480AF0A2FE22200C4CA36A9A0303D50B
:1034B00010480AF09AFE2320A36ADB0303D50E48C6
:1034C0000AF093FE2420054A936A6FEA03436FEAE9
:1034D0001343936210BD1D20D0E700BF00ED00E054
:1034E0007925010892250108A6250108C1250108B2
:1034F000E0250108062601082126010870B5204CA8
:10350000064620480D460AF070FEA36AD90435D558
:103510001D480AF06AFE1720A36A1A0503D51B4846
:103520000AF063FE1820164CA36A9B050FD51848B5
:103530000AF05BFEA16BA36A180407D515480AF0D0
:1035400054FE1EB1A36A23F40043A36219200C4C5D
:10355000A36A5A0503D510480AF047FE1A20A36A49
:10356000DB0503D50D480AF040FE1B20044A936A90
:1035700043F47F43936200232B7070BD1620CBE78A
:1035800000ED00E04D2601086426010876260108BA
:103590008A260108A4260108BA260108D6260108B1
:1035A00070B51F4C06461F480D460AF01EFEA36A62
:1035B000D90632D51C480AF018FE1120A36A1A0752
:1035C00003D51A480AF011FE1220154CA36A9B0776
:1035D0000FD517480AF009FE616BA36A180607D5D4
:1035E00014480AF002FE1EB1A36A23F08003A3620E
:1035F00013200B4CA36ADA0703D50F480AF0F5FD38
:103600001420A36A064ADB0658BFA36A936A43F0F4
:10361000FF03936200232B7070BD1020CEE700BF24
:1036200000ED00E0EF2601080627010876260108D4
:103630003A270108532701086A2701082DE9F041BC
:103640005B4B04465F6800258AB0C7F3080685F324
:103650001188BFF36F8F02F07F43B3F17F4F06D124
:1036600002F00C03082B13D152480AF0BEFD0025CE
:103670002C464FF00008F31E8DF80780092B00F24E
:103680008580DFE803F00A797D75838383838381F6
:1036900010074CBF0C460125EBE74748444E0AF0A3
:1036A000A4FD8DF80780F36A9A0704D543480AF011
:1036B0009CFD00232FE0F36A002B01DA4048F6E777
:1036C000F36A5B00F5D53F480AF08FFD7369A26984
:1036D00043F480737361BFF34F8FBFF36F8F7369D0
:1036E00032F8022C23F480737361BFF34F8FBFF362
:1036F0006F8F4DF602739A4208D0B36ADBB24BB3B8
:1037000001200DF10701FFF74BFF33E021682E4840
:103710000AF06BFD23689DF80720C2B902AE04F1E0
:103720002007324620686168083403C2BC4216464E
:10373000F7D1099AB5B3C2F3080121B96FEA522251
:103740006FEA42220992184602A9FFF747FE0AB023
:10375000BDE8F081B36A13F47F4F05D001200DF16D
:103760000701FFF7CBFE05E0B36AB3F5803FA0D3B6
:10377000FFF778FE0346CEE700200DF10701C2E710
:1037800000200DF10701ECE7104890E7104B17F40B
:10379000F87F1049104818BF1946A6F110020AF028
:1037A00024FD86E722F4FF7222F00102CAE700BF7F
:1037B00000ED00E0B8270108E4270108FC27010814
:1037C0001E2801082D2801084D2801086A28010833
:1037D0009F2701088A2701088F280108044B5A698E
:1037E00042F010025A615A6922F008025A61704789
:1037F00000ED00E0EFF30880EFF3098101B57246B8
:10380000FFF71CFF01BD00BF0A4880F308881020A5
:1038100080F3118808484FF40061401880F309884C
:10382000EFF314800221084380F31488BFF36F8FF5
:103830000AF022FDD81D0020D80C0020084B9B6800
:1038400083420BD1EFF3058343B1064B5A6842F034
:1038500080525A605A6A22F400425A6201F064BEF1
:10386000380C002000ED00E00F498A684FF030006E
:103870001044EFF3098C80E8F01F102080F31288C9
:10388000BFF36F8F094F4FF000664A698A603E6050
:10389000906E0023936680F3118802F1300090E867
:1038A000F01F8CF309887047380C002004ED00E00D
:1038B0001EF0040F0CBFEFF30880EFF3098081695D
:1038C00011F8021C0229FFD001B572460AF0C0FCB3
:1038D00001BD00BF40B2002807DB01234109034AB4
:1038E00000F01F00834042F82130704700E100E003
:1038F00040B2002801F10101ACBF00F16040064B6D
:103900004FEA0111C9B2ABBF00F5614000F00F00F2
:1039100080F800131954704714ED00E0054B064A77
:1039200023F0404323F07F039360BFF34F8FBFF337
:103930006F8F70470000000800ED00E042F8203C67
:10394000009B0B4942F81C3C019B21F0010142F80D
:10395000183C029B42F8081C42F8143C4FF080735C
:1039600042F8043C0023203A02658366704700BF9A
:1039700005E200080A4B00B50E46154698602C4635
:1039800086F309880020044B984720460021002236
:103990000023024C2047000095E2000805E20008E1
:1039A000380C00201022014B1A61704700ED00E036
:1039B000002310210348C21801332B2B82F8001377
:1039C000F9D1704700E100E008B5EFF30583064A3E
:1039D000103B02EBC30152F8330049688847BDE849
:1039E0000840FFF72FBD00BF70150108014B18609C
:1039F000704700BFA0060020F8B506460D4600241B
:103A0000064FAC4208DA3B6898470A28305504F163
:103A1000010401D00D28F4D12046F8BD9C060020F9
:103A2000F8B50D46094F461EC0F10104A3199D4289
:103A300001DC2846F8BD73780A2B02D10D203B68C3
:103A400098473B6816F8010F9847EFE7A00600205B
:103A500010B5074C2368C2180648C0F1005101F5A3
:103A6000A0418A4236BF22604FF0FF30C01810BD1F
:103A7000480B0020D825002008B505480AF0B5FB02
:103A8000002383F31188BFF36F8F0423184602DFEE
:103A9000A32801081F2809D8012303FA00F0044BCA
:103AA0005B6998430CBF01200020704700207047DD
:103AB00000040140012300F01F021F2803FA02F353
:103AC0009DBF034A002053616FF01500704700BF8F
:103AD00000040140044B184400230133994200F8CC
:103AE000012BFADC704700BFF40800202DE9F041FB
:103AF000054600264FF001080E4F6B78F4B2A34242
:103B000001D8BDE8F0812B781C442046FFF7C2FFA6
:103B100068B12046FFF7CEFF57F834303BB107EBD2
:103B2000C40204F01F04516808FA04F098470136F3
:103B3000E3E700BF4C0B0020034660B1B0FA80F20F
:103B4000C2F11F02D2B205498856054A11680B43DB
:103B50001360FFF7BFBEFF22F5E700BFF4080020A7
:103B600000040140024A136823EA0003136070470F
:103B700000040140032921D8DFE801F0020C1019EC
:103B80000F4B9A6822EA00029A60DA6822EA000281
:103B9000DA6070470A4B9A680243F5E7084BDA6827
:103BA0000243DA609A6822EA00029A607047044B86
:103BB0009A6802439A60DA681043D860704700BF81
:103BC0000004014030B5B0B1B0FA80F3C3F11F0377
:103BD000DBB20B4850F833408C4204D100EBC305F4
:103BE0006D68954205D044B940F8331000EBC3002E
:103BF0004260002030BDFF23EBE76FF00F00F9E7D4
:103C00004C0B002060B1B0FA80F3C3F11F03DBB2AC
:103C10000021044A42F8331002EBC302516070479E
:103C2000FF23F5E74C0B00200F2300F003020432C2
:103C30009200934043EA9000C3B2064A023352F81E
:103C40002320030C93FAA3F3B3FA83F302EA1040A0
:103C5000D84070470000014038B51E4B0D4618682B
:103C60000B881446C3F30B03013B1B2B2BD8DFE857
:103C700003F010210E211F2A1910102A2A2A2A2A9D
:103C80002A2A2A2A2A102A2A2A102A2A2A1749F6F0
:103C9000404020602B68B3F5805F0DD2002038BD16
:103CA0004008F6E70AF037FC80B10AF034FCF0E790
:103CB0000948EEE70020ECE7C3F313330133B0FB10
:103CC000F3F02060EAE76FF08500E8E76FF00400AA
:103CD000E5E700BF6C07002000127A00F8B53B4F03
:103CE0000AF01BFC38460AF015FC00F0C7FE384C01
:103CF000384A63681578C3F30313D35C47FA05F5B4
:103D000020FA03F6AE4202D2284600F0DDFE236818
:103D100043F480232360236843F4803323602368C3
:103D20009A03FCD5636A43F001036362636A9B07ED
:103D3000FCD5636803F00C03082B15D123689807A2
:103D400006D4236843F00103236023689907FCD558
:103D5000636823F003036360636813F00C0FFBD107
:103D6000636823F0F0036360236823F080732360AB
:103D700023689A01FCD400F031F8236843F0807383
:103D8000236023689B01FCD5636823F0F003636024
:103D9000636823F0030343F002036360636803F086
:103DA0000C03082BFAD1AE4202D3284600F08CFE59
:103DB000094B00201F60636823F4E06343F48063D1
:103DC0006360636823F460536360F8BD00A24A0433
:103DD00000100240762901086C070020054A53684C
:103DE00023F47C1343F4E8135360536823F48003F3
:103DF000536070470010024008B507480AF095FF6D
:103E000038B10648FFF7F2FD0448FEF771FE0020C6
:103E100008BD6FF01200FBE700150108213E000805
:103E20000A2838B50446074D04D1AB680D21284651
:103E30005B689847AB6803485B68E1B298472046E7
:103E400038BD00BF001501082DE9F843D0F8048003
:103E50001746D0F81090D8F808000D461E460AF014
:103E6000AAFAB7F5001F044616D12846D8F808402C
:103E7000FFF7DAFE84420CD129460AF09CFA044688
:103E8000FFF770FE2046FFF7BDFE00212046FFF73A
:103E900071FE0020BDE8F883B7F5800F20D0B6F1A1
:103EA000806F19D0B6F1C06F18D0B6F1007F1AD16B
:103EB00002264A4620460F49FFF784FEB0B928463D
:103EC000D8F808100AF07CFA20463146FFF752FE77
:103ED0002046FFF731FEDCE70126EAE70326E8E7A4
:103EE0006FF08500D6E76FF01500D3E76FF00F0095
:103EF000D0E700BF33E6000838B5036904465860D0
:103F00000A4D28460AF011FF60B1AB6861681B6872
:103F10000C3123B12846984700EAE07038BD6FF0B5
:103F20005700F9E76FF01200F8E700BF201401080E
:103F300000222DE9F347134604468A4211D22BB9D9
:103F400054F83230C3F389230132F6E754F83200D3
:103F5000C0F389200028F7D098425ED10132914207
:103F6000F4D8E3B12E4A13F0010F906940F001003C
:103F7000906192694FEA132002F001020192019AC6
:103F8000C3F3440200FA02F0264A09BF5368D3691A
:103F9000034343F0E06316BF03435360D361224FF2
:103FA00004EBC106A64201D1002011E0D4E90025AE
:103FB00012F003090FD145F04105C2F3870AC2F39D
:103FC000831257F82280B8F1000F15D16FF012005C
:103FD00002B0BDE8F087B9F1020FEED0B9F1010FE0
:103FE00007D115F4C07F0CBF45F0020545F004056C
:103FF000E3E745F00105E0E740460AF096FE0028B9
:10400000E4D04B462A4640460AF00F010AF0F5FB81
:10401000002804F10804C5DADAE76FF01500D7E7E5
:10402000001002400000014074190108F8B50C4668
:10403000036941681D682379012B35D09A1E5642C9
:104040005641B6026279022A96BF384F4FF4005C9F
:1040500037F812C0A279042A29D0003B18BF0123E7
:104060001B03E279012A0A680CBF4FF4407700274E
:10407000A542D1681ED121F4B05131430B43D36026
:10408000136923F4405343EA0C03136143681A682D
:10409000536923F440733B435361296840680AF035
:1040A00044FC00EAE070F8BD4FF4C066CAE74FF484
:1040B0008053D6E701F4C0618E421FBFD16821F45E
:1040C000C0613143D160426811680A6902F440520C
:1040D00094451FBF0A6922F4405242EA0C020A6169
:1040E00042681168CA6802F4805293421FBFCA68CE
:1040F00022F480521343CB6043681A68536903F477
:1041000040739F421FBF536923F440733B43536185
:1041100021682B68994206D040680AF006FC002806
:10412000C1DB23682B600020BDE700BFE62101084A
:10413000F8B50C464368A6791D6803691F680B79BA
:104140004979012B35D102294AD9042E45D04FF4A3
:10415000C0624FF480534FF0030C8C453DD1002BCF
:1041600077D0002A14BF03220422B24235D1E3796A
:1041700063B1012B31D1394B9D4207D0A3F5744374
:104180009D4203D003F580639D4226D1EB68214612
:1041900023F40053EB60FFF749FF00281DDBEB68B9
:1041A00043F40053EB6094E8030087E80300002029
:1041B00015E0022B06D102291FD9042E0DD04FF491
:1041C0008062C6E702290A461FD9042E02D123B90C
:1041D0000022BEE713BB0329C7D06FF08500F8BDEE
:1041E0001F4A042E32F811C0F7D04FF4C062033BCF
:1041F000012BF2D94FF4805319E0194A042E32F8FA
:1042000011C0EAD04FF48062F1E7154A042E32F86B
:1042100011C009D1002BE0D11A46EBE7033B012B7B
:10422000DBD9D5E70022E2E7002BFBD11A46BCF52B
:10423000805F08D0BCF5405F08D0BCF1000F8AD188
:104240004FF0010C89E74FF0000C86E74FF0020CAD
:1042500083E7002A14BF0222032286E700380140C8
:10426000E62101082DE9F0410446056932480AF0CB
:104270005CFD00285CD028460AF00AFD0121606838
:104280000AF0DDFC002802DA10F1860F48D125691A
:104290006468002120460AF0D2FC00283EDB264854
:1042A000E16883681B68002B3FD09847B0BB0126AC
:1042B000AC680834D5E9023203EBC203A4F108026A
:1042C000934201D8002029E054F8080C0AF02DFD93
:1042D00040B354F8080C14F8041C34F8023CD0F82D
:1042E00010C0DA07DCF8007054BF43F4B01383F455
:1042F000D01323F4801206FA01FEDB07D0F8088001
:104300004CBF4EEA070727EA0E07CCF80070D8F832
:1043100000309847002804F10804CBDA00EAE07086
:10432000BDE8F0816FF01200F8E76FF05700F5E795
:104330006FF01200F4E700BF201401082DE9F04FE0
:10434000074689461E469246046989B012B9002B79
:1043500000F02F81B9F8043098042ED44FF0FF32CA
:104360004FF0FF3304F1100000F004FEC4F8049095
:10437000D7F810B0D7F80480DBF80030D8F8005038
:104380009945B9F8042040F0C380110540F16B81D4
:104390002B6823F44443BAF1000F15D043F4404393
:1043A0002B60B9F804000AF0CFFB8146DAF8003040
:1043B00063639BB1DAF8043010E0A369002BCDD120
:1043C00063689945CAD1D3E743F400432B60B9F839
:1043D00004000AF0B9FB814600236363A36304F180
:1043E0003403019304F13803029304F14803039367
:1043F00004F148024B4604F1380104F134000AF09C
:104400008DFB6064002E40F04A81E6630023236444
:1044100004F1400A04F13C0304F1500B5A460493A2
:1044200051464B4604F13C000AF078FB0023E0645F
:1044300023632B6803F444497B681A68136843F0CC
:10444000400313603E69306848B1037D3BB10121F0
:1044500008300AF009FC336818690AF040FCA26CC5
:104460001AB9266D002E00F041812368D8F800604B
:104470009888C10740F11A810AF066FBB1680346CB
:10448000890740F1A581002A00F0A281012840F0AF
:104490009281626C12783273A26C92B1013AA2647A
:1044A000002A40F08E81626B019808326263A26B31
:1044B0000593013AA263DDE902120AF02FFB059B86
:1044C0006064B268D20740F1FF80E26C002A00F01D
:1044D000FB80216D002900F0F780012B40F08481E2
:1044E000317B1170226D002A00F0EE80013A2265C6
:1044F000002A40F07F81E26B51460832E263226C71
:104500000498013A22645A460AF008FBE064DBE0B2
:10451000D8F81010C2F3451302290CD003290DD08E
:10452000012905D1043B1C2B8CBF002301234BB96F
:104530006FF0850632E0043B0C2BF5E7082B01D029
:10454000102BF5D11204F3D4A448D8F80C108368CA
:10455000DB680BB307AA984700281DDB00230798E8
:104560001A46D9F80010013320FA03FC8C4524D8F0
:104570002B689B4923F040032B602B6851F82220C5
:1045800023F0380313432B60B9F804309B0719D488
:104590002B6823F0020318E06FF00406236813B1C0
:1045A0009B889B0405D40023636004F1100000F095
:1045B000ADFC304609B0BDE8F08F082BD0D16FF0CC
:1045C0001506EBE72B6843F002032B60B9F80430C3
:1045D00013F0040F2B6814BF43F0010323F0010311
:1045E0002B60B9F8043013F4006F2B6823F44443B4
:1045F00004D0BAF1000F40D043F440432B60B9F827
:10460000043013F0100F2B6814BF43F0800323F025
:1046100080032B602B6823F400532B6099F814302F
:1046200073B32B6843F400732B606B6823F00403AF
:104630006B60B9F804306B4A13F0010F2B6814BF9C
:1046400023F4827343F482732B60B9F804000AF0F8
:104650007BFA2B68013852F8202023F400631343BF
:104660002B60CBF80090B9F804000AF06DFA81468F
:10467000BAF1000F7FF49AAEAEE643F40043BDE713
:10468000B9F8043013F0010F2B6823F40073CBD179
:1046900043F480232B606B6843F00403C8E733685E
:1046A000E363002B3FF4B2AE7368B0E698F81430C1
:1046B00013F0010F336803F4444363D0B3F5404F64
:1046C0004ED1B368980758D4D8F800309A6812F0E1
:1046D000700F00F096809A68550605D5DA68069244
:1046E000069A9B680693069B6FF004067B68D7F8D2
:1046F00010801D682B6803F48273B3F5827F17D195
:10470000AB681B0602D52B685F06F9D4D8F80030D9
:1047100073B11A7D62B1998811F4805708D1186974
:104720000AF0DDFAD8F80000394608300AF09CFAA1
:10473000AB68980606D5AB680793079B2B6823F0F8
:1047400040032B60D8F800309B88D9043FF526AF92
:104750002B6823F040032B602B685A06FCD41DE71E
:10476000B268D10705D52146304605930AF031FAE3
:10477000059BB3F5004FA4D1A6E7214630460AF0C9
:10478000EEF9A1E7B3F5004F08D1D8F8000083682F
:10479000DE07FCD521460AF01CFA95E7B2689207BD
:1047A000FCD52146304605930AF0D9F9059BB3F5AF
:1047B000404F89D0E9E7022802BF626C1288B281BB
:1047C0006AE6626C002A3FF47CAE1A44626478E6C2
:1047D000726822F08002726073E600BF2014010844
:1047E000801A0108481B0108022B7FF47BAEF16898
:1047F000118077E6E26C002A3FF466AF1A44E26467
:1048000062E7B9F5404F7FF42AAEA26C92B9226DEF
:1048100082B19A681006FCD41A6822F040021A602D
:104820001A6822F4444242F400421A601A6842F0C4
:1048300040021A602B6803F4444910E64FF0E0236D
:1048400010B50F499C691A6908689B690D4902F403
:10485000803234B993B903464AB90A681044C01A81
:1048600010BD002B08BF03460AB9A342F5D90A6858
:1048700002440A604FF0E0221269EEE70446F3E7D3
:10488000340C0020300C00201022094B002083F84B
:1048900023204FF4E152074B1A60074B41F61F42A9
:1048A00018604FF0E0235A61072298611A6170473F
:1048B00000ED00E0340C0020300C0020684620F0B1
:1048C00007018D4619B5FFF7B9FF1149114B08686B
:1048D000D3E90042001942F10002C3E900020023BB
:1048E0000B604FF4E1530C4AD2E90041001BB0FBCE
:1048F000F3F043431B1941F10001C2E9003100F01C
:10490000F1FFFEF79FFDBDE819408546704700BFE7
:10491000300C002068090020600900202DE9F041DA
:10492000DFF8E08099B1421C0BD14FF0E02213690F
:1049300023F0010313614FF07F43C8F80030BDE856
:10494000F081D8F80060012807DC00270BE0431C49
:10495000D8F80060F7D140F6191040F61A139842C3
:10496000A8BF1846471EEFF31185102383F3128862
:10497000BFF36F8FFFF762FF4FF0E023224C99697E
:10498000D4E9002380184FF0000243F10003C4E98A
:1049900000031E4B1A601E4B1A68831A2ED44FF464
:1049A000E15C0CFB073303F5E0531F33B3FBFCF76B
:1049B000131A0CFB0733B3F5806F38BF4FF48063D5
:1049C000144A934228BF13464FF0E022C8F8003043
:1049D000013B90695361002381429361A1EB000385
:1049E00038BF9B19D4E900125B1842F10002C4E9F8
:1049F000003285F31188BFF36F8FA0E74FF4806317
:104A0000E2E700BF340C002068090020300C0020D1
:104A10006009002020DFFF0038B5EFF31185102377
:104A200083F31288BFF36F8F084B1C68084B1B6819
:104A3000E41AFFF703FF85F31188BFF36F8F4FF47C
:104A4000E1532044B0FBF3F038BD00BF68090020FB
:104A50006009002038B5EFF31185102383F3128825
:104A6000BFF36F8F044B1C68FFF7E8FE85F31188D6
:104A7000BFF36F8F204438BD680900200D4A53688A
:104A800003F00C01082912D10B48C3F38341DB0367
:104A9000405C09D55368094AC3F340435043084A70
:104AA000D35CB0FBF3F07047064B584370470348A4
:104AB000704700BF001002408829010800127A00E8
:104AC0008629010800093D00D8B10F4B984216D83D
:104AD0000E4B984294BF002001200D4A136823F02A
:104AE000070303431360136803F0070398421CBFD6
:104AF000136803F00703C01A18BF01207047022093
:104B0000EBE70120704700BF006CDC0200366E014D
:104B10000020024038B5EFF31185102383F312888B
:104B2000BFF36F8F064B9C680AF012F985F311886A
:104B3000BFF36F8F2046BDE83840FEF77FBE00BF51
:104B4000380C002038B50A4B53F82040013053F898
:104B50002050A54200D838BD606830B1037EDB0725
:104B600001D40AF0CAF80834F3E723689847FAE753
:104B7000501B0108012270B52E4B032086B01A701D
:104B8000FFF7E0FF00F02AFF2B4C2C4DAC421AD16E
:104B90000420FFF7D7FF2A4C2A4D2646AE4204F1E7
:104BA000300416D300F0C6FB254C274EAC422CD364
:104BB00000F0D4FBFDF7DCFD244A938923F00103C8
:104BC000938106B070BD54F8043B002BE0D09847A9
:104BD000DCE754F80C3C059354F8103C049354F86B
:104BE000143C039354F8183C029354F81C3C019372
:104BF00054F8203C009354E90A2354E90C0100F0D6
:104C0000DFF954F8303C5E65C7E7D4E90A23B3F115
:104C1000FF3F08BFB2F1FF3F05D052EA0301206811
:104C200003D100F057FC3034C0E73146183000F0B3
:104C3000C9FDF8E7CD0C0020341701083C17010826
:104C4000C8160108C816010857EE0008E009002040
:104C5000702370B5134E012203FB0066002386B05B
:104C6000CDE904230F220193CDE9023214230E4D26
:104C70000E4903FB0055044601EB00214FF48072FE
:104C800030460B4B009500F09BF9337C2C7423F0DD
:104C900004033374074B013403EBC423EE606B60F1
:104CA00006B070BD70090020380C0020D814002018
:104CB00057ED0008D80C0020BFB50020FFF742FFD9
:104CC000264B83F30888264C00256369254F43F45F
:104CD00000736361F02384F82230E57725766576EA
:104CE000A57684F82050636A43F4E0236362FEF7FC
:104CF00075FDFEF757FE4FF0FF331B48A362E362DA
:104D000000F088F9FEF732FB0120FFF71BFF0220BD
:104D1000164CFFF717FF00F055FB154B15495C616A
:104D2000154B4FF40062059301232046CDE9035350
:104D3000CDE901553B46009500F042F90646227C3C
:104D4000204622F0040222740AF059F82846FFF7A0
:104D50007FFF3A4631462046FEF70CFED81400206D
:104D600000ED00E0754B0008500A0020E00900202B
:104D7000380C0020D8150020982901082DE9F341AE
:104D8000044617461E46EFF31188102383F312885A
:104D9000BFF36F8FC368334A7BB1806891688842E4
:104DA00019D057EA060318D188F31188BFF36F8F23
:104DB0006FF00F0002B0BDE8F081916891F90E101C
:104DC0000133E36093682161A36088F31188BFF326
:104DD0006F8F0020EEE72169F2E791F90E1090F94C
:104DE0000E306FF07E029942A8BF19469142B8BFBB
:104DF00011468B422DDD09F0B9FF0546224641469A
:104E0000CDE90076184800F0DBF90028E1D0EFF397
:104E10001186102383F31288BFF36F8FA068D0B17F
:104E2000236821699C420AD04BB193F90E30994214
:104E3000A8BF19466FF07E039942B8BF194609F022
:104E400095FF40B13146084800F04EFA6FF00A0075
:104E5000B0E70025D2E7002DF4D186F31188BFF327
:104E60006F8FF3E7380C0020CE0C0020F8B5836874
:104E70000546002B3FD0234A926893423ED1C36837
:104E8000012B03D9013BC3600020F8BDEFF311876C
:104E9000102383F31288BFF36F8F0169806809F0D4
:104EA00065FF2C68A54207D10023C5E9023387F3CB
:104EB0001188BFF36F8FE7E7002CF5D0D4E90032FB
:104EC000002613605A60237CC4E9006623F00203C5
:104ED0002374A66004F1180009F0F7FFAC6094F9A0
:104EE0000E3020462B61E66609F089FF39460648F8
:104EF00000F0FAF9C8E76FF01500C6E74FF0FF3091
:104F0000C3E700BF380C0020CE0C002070B5EFF3D3
:104F10001186102383F31288BFF36F8F0468A042B9
:104F20001AD0CCB1D4E90032002513605A60237C3A
:104F3000C4E9005523F002032374A56004F11800AE
:104F400009F0C3FF2046E56609F059FF3146BDE888
:104F50007040074800F0C8B9D0E902329A4218BF41
:104F60000133836086F31188BFF36F8F70BD00BF7C
:104F7000CF0C002013B5EFF31181102484F31288B5
:104F8000BFF36F8F846844B1013C846081F3118862
:104F9000BFF36F8F002002B010BD52EA030406D1A8
:104FA00081F31188BFF36F8F6FF00F00F3E7CDE946
:104FB00000230246014800F003F9ECE7CF0C002083
:104FC0007FB50C9E00F1580586810426C0E9165570
:104FD00000250446067407320B9E22F007028673F2
:104FE0008E180A9AC0E906558560C5730292099A1F
:104FF0000192089A00923246FEF7A0FC044B6565C8
:105000009B6803B15B6E3046636604B070BD00BF41
:10501000380C0020012310B504460374838100F08E
:10502000D7FC014B9C6010BD380C00206FF00A01CA
:10503000084A9368D966084998664B6843F08053DC
:105040004B60002383F31188BFF36F8F9368D86E92
:10505000704700BF380C002000ED00E070B590F9FB
:105060001020037C002A36DBD90634D11B4C63F0B8
:105070007F032246037452F8183FE169934207D137
:10508000C0E900210860E06111E09942F8D01B6896
:10509000002BF5D090F90E5093F90E60B542F4D084
:1050A000AE42F2DD5968C0E9003108605860A56978
:1050B000954200D005B9E568A3681A7CD20604D1F0
:1050C000DA897F2A01D9AA6932B1AB4202D02846D7
:1050D00000F0FAFA656170BD6361FCE7380C0020EE
:1050E00038B590F910200146002A037C04DA03F059
:1050F0007F03037409F049FE0D4D2A4652F8184FFC
:10510000AB68944200D004B9EC688B4207D01A7C9B
:10511000D20604D1DA897F2A01D9A2692AB1A34231
:1051200002D0204600F0D0FA23466B6138BD00BFA4
:10513000380C0020B3F1FF3F08BFB2F1FF3F03D0AE
:105140000249183000F03EBB704700BF57EE000820
:1051500038B5194CA168E0690B68814214BF1A4642
:10516000002249680B605960A368E1692AB9134AB3
:10517000C3E900210B60E3610CE093F90E0092F9A2
:105180000E50A84214D0854212DD5168C3E90021B7
:105190000B605360A569094B9D4200D005B9E568D5
:1051A000A3689D4202D0284600F08EFA656138BDA2
:1051B0009142DCD01268D9E7380C0020500C002056
:1051C000F8B5DDE906670D4B0C46986811460C4AA8
:1051D0001060EFF31182102282F31288BFF36F8FF9
:1051E0009D68284609F0E3FD284632463B46FFF716
:1051F000A1FF2046BDE8F840FFF718BF380C00209B
:10520000580C0020F8B50446EFF31187102383F300
:105210001288BFF36F8F037C49B203F01F02002A8C
:105220000CBF0126002639D103F07F032D4D0374F6
:1052300009F0ABFD2A46037C817363F07F0303749E
:1052400052F8183F934227D1E869C4E9002004606E
:10525000EC610FE09842F8D01B68002BF5D093F971
:105260000EC06145F6D08C45F4DD5968C4E90031C3
:105270000C605C60AC69944200D004B9EC68AB6827
:105280009C4202D0204600F01FFA6C6187F311881F
:10529000BFF36F8F3046F8BDE869DEE79B071ED588
:1052A000856809F072FD81732B689D4209D16B6896
:1052B000C4E900531C606C60E8E76A689342F6D06A
:1052C0001B68002BF3D093F90E209142F5D08A424F
:1052D000F3DD5A68C4E9003214605C60D6E781737C
:1052E000D4E700BF380C002049B9EFF3058030B98E
:1052F000054B5A699B689A4201D0FFF797BE81F32C
:105300001188BFF36F8F7047380C0020034648B9EF
:10531000EFF3058232B9064A51699268914201D091
:10532000FFF784BE83F31188BFF36F8F704700BF10
:10533000380C0020EFF31181102383F31288BFF3A0
:105340006F8F054B9A68D37B013BD37381F3118830
:10535000BFF36F8F704700BF380C002070B5EFF3BC
:105360001186102383F31288BFF36F8F144DAB683F
:10537000DA7B0132DA732A4652F8184F944200D091
:1053800004B9EC681A7CD20604D1DA897F2A01D9E3
:10539000A2692AB1A34202D0204600F095F9234623
:1053A0006B6186F31188BFF36F8FEFF311801023C9
:1053B00083F31288BFF36F8FBDE87040FFF7A6BF7D
:1053C000380C0020024B03F11802C3E90622704793
:1053D000380C002070B5EFF31186102383F3128888
:1053E000BFF36F8F1B4CA168E0690B68814214BF4B
:1053F0001A46002249680B605960A368E1692AB91E
:10540000154AC3E900210B60E3610CE093F90E003B
:1054100092F90E50A84218D0854216DD5168C3E9B2
:1054200000210B605360A5690B4B9D4200D005B96C
:10543000E568A3689D4202D0284600F045F9656101
:105440003046BDE87040FFF7F1BD8A42D8D01268FF
:10545000D5E700BF380C0020500C0020F8B550EA0A
:10546000010306460C4603D1FFF7B4FF0020F8BD48
:10547000EFF31187102383F31288BFF36F8F124D60
:10548000124BA8681860FFF72BFEA8682346324627
:105490000F49183000F096F9AA680446137C384684
:1054A00043F004031374FFF7C1FDAB68D3E90A238B
:1054B000B3F1004F08BF002AD8D109F02EFD201A01
:1054C00020EAE070D3E700BF380C0020580C002021
:1054D00057EE000838B50446EFF31185102383F327
:1054E0001288BFF36F8F037C5B070FD5183009F06C
:1054F000ECFC237C204623F004032374FFF7AEFD6D
:105500002946BDE838400448FFF7EEBE85F3118810
:10551000BFF36F8F38BD00BFD00C0020014B9868DF
:10552000704700BF380C00202DE9F84304468789F6
:10553000EFF31185102383F31288BFF36F8F037C81
:10554000190705D585F31188BFF36F8FBDE8F88380
:10555000D90943F008025DD10274A36813B1204653
:1055600009F01BFC04F1180009F0AFFCA66D04F172
:105570005808B04511D04FF0000976B1304609F017
:105580000CFC06F1180009F0A0FC3046C6F86C903F
:10559000FFF764FDA66DB045EFD1DFF8C080D8F805
:1055A00008309C423ED1EFF30589B9F1000918BFDC
:1055B0004FF00109D8F81860294A964200D00EB978
:1055C000D8F80C60B34202D0304600F07DF8204697
:1055D000C8F8146008F05BFEB9F1000F02D0214852
:1055E000FFF718FDD8F808309C4231D1EFF305835E
:1055F00073BBA289D20718D42846FFF717FDFB0713
:10560000A4D5002383F31188BFF36F8F04231846BA
:1056100002DF9BE703F07F0343F00803037409F004
:10562000B4FB9AE74FF00009C4E785F31188BFF394
:105630006F8F83F31188BFF36F8F0423184602DF47
:10564000EFF31180102383F31288BFF36F8FD4E739
:1056500085F31188BFF36F8FD1E700BF380C0020AE
:10566000500C0020500A0020027C034612F01F025A
:1056700010D10A4988420DD00949086868B1D98912
:105680007F2909D893F90E20064B1B689A42B8BFB0
:1056900000207047002070471046704770090020B6
:1056A000700700205C0C00200122044BC01A044B40
:1056B000C0105843034B1A54704700BFC00A002063
:1056C000ABAAAAAAD10C002070B50C4B0C4D1E7CC5
:1056D000FFF7CAFF182303FB06550446284609F0C6
:1056E000F4FB0022074B9A553CB1621E2846BDE8E8
:1056F00070400549D31700F065B870BD380C002024
:10570000C00A0020D10C0020A956000838B5EFF3DC
:105710001185102383F31288BFF36F8F0F4B104A4C
:105720009C681068A04206D1FFF7CEFF85F3118870
:10573000BFF36F8F38BD00211B7C1160094AD35C19
:10574000002BF3D02046FFF78FFF0028EED0237CFC
:10575000DB0601D1FFF7FCFC2046E5E7380C002012
:10576000580C0020D10C0020024B1868984208BF4A
:105770000020704774070020034B1B680BB9FFF72C
:105780004BB90020704700BF600C002030B570B1ED
:105790000B4B5B6898420AD0036843B1D3E90421FC
:1057A000D0E90445121941EB0501C3E90421D0E910
:1057B000003213605A600023C0E9003330BD00BFDF
:1057C00074070020B3F1FF3F08BFB2F1FF3F2DE99E
:1057D000F84F0446994615461F467AD08160EFF38C
:1057E0001188102383F31288BFF36F8FB9F1000F74
:1057F000DFF8E4A020DBFFF7BFFFDAE9002701357F
:1058000049F100092D1849EBE07306464FF00109F4
:10581000C4E90453AD1843EB0707FFF7A5FF0346A0
:10582000DFF8B8E0DEF804A0EBB9C4E900EACAF892
:105830000040CEF8044028E06FF00103DAE90012DE
:105840005B1A4FF0FF3161EB02025B1B62EB090256
:10585000012B72F10001BCBF012300224FF00009AF
:10586000C0E90432D9E7D3E9041CD4E904208A4210
:1058700070EB0C0B24DA891A5A686CEB0000C3E950
:105880000410C4E9003214605C60FFF76DFF8442CD
:105890000ED1134B1B685BB9B9F1000F02D1FFF7B2
:1058A0006BFF0646304609F0F9FA0021FFF736F89B
:1058B00088F31188BFF36F8F28463946BDE8F88F0B
:1058C000521A60EB0C009A45C4E90420ADD01B6865
:1058D000AAE700252F46EFE7D80A0020740700202A
:1058E000600C00202DE9F047EFF31185102383F3BE
:1058F0001288BFF36F8FDFF8A0900026C9F8000070
:105900000027FFF731FFDFF89480D9F80030D8E99D
:1059100000ECD91750B1D0E90442A34271EB020A5E
:105920001BDAE41A62EB0102C0E90442002413EB23
:105930000E034CEB01012046C8E90031C9F80040D4
:1059400009F0ACFA2146FEF7E9FF85F31188BFF3B1
:105950006F8FBDE8F047FFF7D9BE14EB0E024CEB9A
:10596000E473C0E90467C8E90023FFF70FFF85F37C
:105970001188BFF36F8F83689847EFF31185102369
:1059800083F31288BFF36F8FD9F800301B1BC9F85F
:105990000030FFF7E9FEB8E7600C0020D80A0020CD
:1059A00010B5EFF31184102383F31288BFF36F8FC8
:1059B000FFF7E2FE0346054AD2E90001181841EB61
:1059C000E37184F31188BFF36F8F10BDD80A0020F4
:1059D000014B4366704700BF1C090020014808F0D6
:1059E00004BC00BF9D29010838B5064C064DAC42E9
:1059F00001D3002038BD2046D4E9011209F093FA02
:105A00001834F4E71C0900203409002010B5C0E95F
:105A10000223029B064C0361039BC0E900414361E2
:105A2000049B8361034B1A6802B9186010BD00BF64
:105A3000701B0108640C00202DE9F041104D044654
:105A40002F4690469E46061D8C460FCF0FC697E800
:105A50000700069B86E80700A362079B04F1300657
:105A60001C35E362C4E9088E0FCD0FC62B682046B3
:105A7000336000236364C4F800C0BDE8F08100BF58
:105A80004017010810B5044600F014FB034B2046F4
:105A90002360034BC4F84C3110BD00BFD81B010874
:105AA000D829010801297FB507D0022928D0C1B122
:105AB0006FF0130007B05DF804FB00230593174B4C
:105AC0004FF0080C04930A234FF0120ECDE9023C6C
:105AD0000723134ACDE9003E1249092309F0EBFDE3
:105AE000E8E70E4B0491039310210A23CDE901311D
:105AF0000D4B0E4A00930B490D4B09F016FED9E7EA
:105B000000230393054B0A22029301230549CDE9A3
:105B10000032062209F032FECCE700BFCDCCCC3FEC
:105B20000000FA420000D94333331C439A9999404C
:105B30000000A04070B50C460546144920461646A4
:105B4000FBF710FBF0B120461149FBF701FBC8B190
:105B50002EB121462846BDE870400BF03BBAD5F87F
:105B600054112046FBF742F80A4920F00040FBF7A9
:105B7000F9FA0028EDD0214628460AF059F9002804
:105B8000E7D070BD6FF00B00FBE700BF0000CD4316
:105B900000804A440000A04173B5036816469B6D1F
:105BA000002205460C46984790B99EB10B4B04F174
:105BB000090203EB420113F8123091F9014003F09E
:105BC0000F021B0900212846009121460BF0AEF977
:105BD00002B070BD04220723F4E700BFDF290108EB
:105BE00030B585B005466C46054B0FCB84E80F00F9
:105BF0002B6821462846D3F8A030984705B030BD21
:105C00007017010830B585B005466C46054B0FCBC3
:105C100084E80F002B6821462846D3F89430984733
:105C200005B030BD7017010882B02DE9F04101299F
:105C300006A880E80C000B9C9DF826609DF8277054
:105C400009D0022975D000294BD06FF01300BDE8B0
:105C5000F04102B0704742F210709DF8188000FACF
:105C600008F0FBF775F8514905460798FBF7C8F8A7
:105C700001462846FBF778F9FBF7AEFAA8F10503D1
:105C8000DBB2012B9DF8283005468BBF082100218F
:105C9000112019200BBB4FEA8803002E0CBF1426DD
:105CA000002604EB4707C8EB470201EB8201DBB299
:105CB000314409B25A1E0029A8BF521892FBF3F3CF
:105CC000BDF824209DF820109BB2083201FB03236D
:105CD00000EB830068438008B9E7A8F102039B004A
:105CE000DBE7F800FBF738F805463046FBF734F8F9
:105CF00001462846FAF77CFF0546BDF82400FBF76D
:105D00002BF801462846FAF773FF0546E000FBF73B
:105D10001FF801462846FAF76BFF25490446069806
:105D2000FBF722F901462046FBF71EF9FBF754FA70
:105D30008DE79DF81930032B34D8DFE803F00228F3
:105D40002D300623052263430433B3FBF2F39CB2E8
:105D50003022B4FBF2F302FB134403EB830000EBAD
:105D600080004000A4B280B214B10234204480B25A
:105D70009DF82430C3EBC30203EBC20300EB4300E6
:105D80000C4B80B25843FAF7E3FF0B49CCE704EB26
:105D90004404C4F34F04DBE76400A4B2D8E704EB87
:105DA0004404FAE76FF0090051E700BF000020410A
:105DB00000007A4400127A001D24F44308B5084616
:105DC000FAF7C6FF0249FBF7CFF8FBF705FA08BD63
:105DD00000007A4100F00E03062B0BD0082B0CD0EC
:105DE0000A2B0CD00138C0B2FD288CBF6FF0010027
:105DF000002070476FF430707047024870470248C7
:105E0000704700BF3EFDFFFF3DFDFFFF2DE9F04263
:105E10008AB004460F460AF068FC00230DF11C0905
:105E2000012805AE0546C9E9013307930593B38000
:105E30003DD194F86131042B35D80433DBB28DF8B1
:105E4000243094F860318DF81C30D4F86831089310
:105E5000B4F86631ADF8143094F86331003B18BFE4
:105E600001238DF8173094F86431591E4B424B4191
:105E70008DF8163094F86231003B18BF01238DF87D
:105E80001830099B039796E8030000930190ADF842
:105E900008102168204699E80C008E6F2946B0470B
:105EA0000AB0BDE8F082072B08BF0823C7E730BB64
:105EB000D4F87001FAF74CFF01462148FBF754F87B
:105EC0000790D4F87401FAF743FF94F87B310890F7
:105ED00013F0FB0F11D0022B03D09A1F53425341F2
:105EE0005B00B4F880218DF81730ADF8142094F8D9
:105EF0007C218DF816200025C3E70123F1E7032854
:105F00000ED1B4F8A03102255BBAADF81C3094F87C
:105F1000A7318DF81E3094F8A2318DF81430B0E717
:105F2000022809D1D4F87001FAF712FF014604489B
:105F3000FBF71AF80790DEE76FF01300B0E700BF39
:105F400000007A4910B504460AF0CFFB01280ED1B3
:105F500023682046D3F884309847C3050AD410F04C
:105F6000800F14BF6FF00E004FF0FF3010BD6FF0C8
:105F70001300FBE70048F9E742FDFFFF10B50446B8
:105F80000AF0B3FB012812D1204600F0FDFE10F408
:105F9000004FC0F3072018BFA0F58070FAF770FA21
:105FA0000022044BFAF7D6FAFAF7CCFD10BD0248EE
:105FB000FCE700BF0000D03F0000A0C12DE9F34185
:105FC0001D46036804461B690F461646984700287D
:105FD00046D16DB92368002EDB6F14BF3146FF2117
:105FE000204698474FF47A7300EB8000B0FBF3F53E
:105FF0002846FAF7ADFE2D49FAF702FF2C49FAF7C9
:10600000B3FFFBF7E9F80022236800920146D3F8BA
:106010001C8040F2722202232046C04700BBD4F805
:106020005C31186803685B6A98478046D4F85C3135
:106030001868596A026812699047A0B10025236860
:1060400020461B69984718B16FF43073984207D106
:106050002368D5B123682046DB6A98476FF00500B6
:1060600002B0BDE8F081D4F85C31186803685B6D5C
:106070009847D4F85C31186803685B6A9847A0EBCE
:1060800008008542D2D20125D9E7D3F884302046D2
:106090009847236B1842DDD13246394620462368A3
:1060A0001B6B02B0BDE8F041184700BF00007A4406
:1060B00000007A4138B504460D4601F041FA00224D
:1060C000C4F85421C4F86821C4F88421C4F8882194
:1060D00040F201622C4B0320012123600023A4F82D
:1060E000A0212A4AC4E95C331269C4E96A33C4F8BE
:1060F000A321274AC4F84C3184F8503184F8580160
:10610000C4F8603184F86431A4F8663184F86C1105
:10611000C4F87831A4F87C3184F87E31A4F8803159
:10612000C4F88C3184F89031C4F8943184F89831F3
:10613000C4F89C3184F8A20184F8A731A4F8B031E6
:10614000C4E96D336260FF22C4F8BC31A26084F8F8
:106150004931022284F84A310423E160C4E904236E
:10616000082110232020C4E906134023C4F85C5101
:10617000C4E9080380254FF48073C4E90A534FF43F
:1061800000732363204638BDD81C0108701701082E
:106190000024743F2DE9F0479846036804461B69C4
:1061A0000F4616469847002841D194F86131042BD8
:1061B0003FD9072E78D994F86331012B39D1FD2EC0
:1061C00075D823683146DB6F20469847236805461B
:1061D000D3F824903246434639462046C84730BB60
:1061E0004FF47A73204605EB8505B5FBF3F50AF00D
:1061F0007CFAD4F85C3180461868053503685B6A20
:1062000098470746D4F85C31186803685B6D984777
:10621000D4F85C31186803685B6A9847C01B8542F4
:1062200009D2236820469B6A98476FF00400BDE8B6
:10623000F087FF2EC4E7D4F85C311868596A026809
:10624000126990470028DDD0B8F1030F0AD1236806
:106250002046D3F884309847C30703D4204609F07A
:10626000B2FCCFE7D4F85C31186803685B6A9847E2
:1062700080463046FAF76CFD4FF08241FAF7C0FDD8
:106280000546A8EB0700FAF763FD0A49FAF76CFE2A
:1062900001462846FAF768FE2368C4F888019B6A1D
:1062A0002046BDE8F04718476FF01D00BFE76FF0CC
:1062B0000300BCE700007A441FB571B100F064FD33
:1062C000C0B2FAF7DDF800220E4B01F10041FAF7F7
:1062D00041F9FAF737FC04B010BD0123CDE90033D2
:1062E0008DF80F100DF10F021521D0F85C0109F0A7
:1062F000E8F89DF80F00FAF72BFD4FF03F41FAF751
:106300007FFDE8E70000E03F002337B540F6890154
:106310008DF807300DF10702012304460AF062F9F7
:10632000E8B920460AF0E1F901289DF8075018D194
:106330000D49D4F86801FAF759FC0C4920F00040E7
:10634000FAF706FF68B105F0FB05012340F6890165
:1063500020460DF107028DF807500AF03CF903B012
:1063600030BD45F00405F0E70000FA436F12833AB0
:106370002DE9F0410446D0F85C010D4617461E4653
:1063800008F0E1FDD4F85C311868596A0268D2F867
:1063900008804268C047D4F85C311868D96A02683E
:1063A000D2F808804268C0471022D4F85C311D2121
:1063B0001A740822D4F85C3120465A740123D4F8A8
:1063C0005C21D374D4F85C2111810D21D4F85C21B7
:1063D00051810021D4F85C219181C021D4F85C2145
:1063E000D181D4F85C211371D4F85C312A4A5A6106
:1063F000D4F84C1109F087FF40B9D4F85C0108F0DB
:10640000B6FD6FF001052846BDE8F08194F84931EA
:1064100063B1314620460AF0F2FD0546B0B9002FBF
:1064200034D12046BDE8F0410AF04BBD002128469A
:10643000FAF7A2FE0028ECD0294641F28832204625
:1064400000F0BCFF05460028E3D0DCE723682046C7
:106450001B69984720460AF080FA104B9D42D2D122
:106460008306D0D5002341F288320021204684F8EB
:10647000493100F0A3FF05460028C4D1314620462B
:106480000AF0BDFD05460028C9D0BCE72046BDE89E
:10649000F0410AF013BD00BFD55D00083DFDFFFFD0
:1064A000F7B51D46264B1646C0F86831062380F81E
:1064B00050310023C0F88C3180F86431FF23214A29
:1064C0000F46C0F86021C0F894319DF824200123C4
:1064D0000899A0F866510446FFF74AFF70BB0246D0
:1064E000394620460AF0AEFA40BB442231462046E7
:1064F0000AF0D5FA10BB2368294620461B6E984740
:10650000E0B92046104900F0C7FCB8B90121204687
:106510000AF0FCFC90B9012341F60F5200930221CE
:1065200041F2210320460AF011FC38B90146204609
:1065300023681B6D03B0BDE8F040184703B0F0BD01
:106540000000FA4309030001000070422DE9FF41F9
:1065500017461E4645F255324CF6CC43C0E95C2343
:10656000324BBDF82850C0F884311A2380F87931B5
:1065700040F209638846A0F87A319DF83020002364
:106580000B99A0F880510446FFF7F2FE002849D18C
:106590002368414620461B6C9847002842D1236857
:1065A000394620465B6C984700283BD1314620464F
:1065B00000F09EFD002835D120461D4900F06CFCFE
:1065C00080BB2368294620461B6E984750BB4AF67D
:1065D0001253ADF80C30236802222046DB6D03A96C
:1065E0009847F8B9236801469B6C20469847C8B97C
:1065F00023680146DB6C2046984798B9FF21204666
:106600000AF0E4FC70B9012541F2210341F60F5272
:106610000221204600950AF099FB18B92946204628
:106620000AF074FC04B0BDE8F08100BF33331C43B2
:106630000000704270B586B00D46164680F8A7314E
:106640009DF82C2003230A990446FFF791FE88BB8E
:1066500020461C4900F020FC60BB012120460AF0C6
:1066600055FC38BB034602460146CDE90300CDE99F
:106670000100009020460AF0FAF8D8B90B2384F8FC
:106680007A31236884F87901C4F874011B6C2046C0
:106690000D49984770B9032E0ED8092D84F8A061D2
:1066A0000DD8032384F8A2314FF4807384F8A151EC
:1066B000A4F8B03106B070BD6FF00900FAE76FF0D2
:1066C0000700F7E7000070420000FA3E2DE9F04FA6
:1066D000834691461C460020FF22ADF5297D4845A2
:1066E00040F0C9801023AE48002647F25B57037084
:1066F0004FF6FF734A462146C0E90173C6600AF0AF
:10670000DBFDC0F3072304F8093004EB09035870DC
:1067100009F102034FF41772E654314611A80593AC
:1067200009AD109601F094FA03219E482E600AF0FC
:1067300014FE09F10203DA00214610AB0632994833
:10674000009500F027FFFF223146204601F080FA35
:106750009BF8A071032F2DD0934B0CAA03F1080CCA
:10676000164618685968083303C663453246F7D1A0
:10677000186899889B79022FB37198BF8B4B306052
:10678000B18098BF13F807C02B6888BF4FF0000C8A
:10679000029300234FF0010A1A4618460DF1300803
:1067A000029999427BD1099207322146D20810A85A
:1067B000F9F79EFC0022099B029393B25B43029877
:1067C0001146834202F10102F7D3C1F34E028BB2AC
:1067D00000215B009BB204939BF8A2310692C3EBAD
:1067E000C30203EBC2038A460A465B00BDF90850A8
:1067F0009BB2002D74DC6FF071019BF8A221002682
:1068000001FB023309939BF8A7319BF8A0219BF869
:10681000A1119B0043EAC20343EAD10343F0020300
:106820008DF82930BBF8B0315D4F1A091B018DF886
:106830002B30082342EA41128DF82A203B702F2288
:10684000FF233546C7E901238DF82890FE609BF8A9
:10685000A211B14200F2AC80059B9BF8A021DB00A5
:1068600006339BB2032A00F27881DFE812F06A0156
:1068700072019D019F010B5C53401D0145EA1313FA
:106880002354130983EA521383EAD20303F001036A
:1068900083EAD2135200D2B21A4301301FE718F82C
:1068A0000010B9B110AFDE08BE5DDF43D5434FEA3B
:1068B000D20E07F0070714F80E1005F007053E4149
:1068C000F6070AFA05F546BF2943C9B2A94304F8F9
:1068D0000E1001320130844508BF002001335FE70C
:1068E000302D2846A8BF30200390D8434FF0010C2C
:1068F000DE08A75D00F007000CFA00F027EA0007A9
:1069000003EB0C00A755C710C04300F007000CFABA
:1069100000F04FF0000CE65D26EA0006E6559F1CED
:10692000FE434FF0010E06F007060EFA06F60DF1D3
:1069300040084FEAD20E18F80EE06FEA0208F8108D
:1069400008F0070807904EFA08FE205C1EF0010FC1
:1069500016BF3043B043C0B2FE10A05504980244A5
:10696000029892B290420BD8069A0498524492B27E
:1069700090429FBF013189B20A468A4688BF92463B
:10698000039E0CF1010C0FFA8CF0864207F101070F
:10699000C6DC30460230303D18442DB283B228E7C1
:1069A000680C0020D20C002088170108262A010854
:1069B0009DF82B300139891B23F00C0343EA810336
:1069C00004220AA938464FF000098DF82B300AF04E
:1069D00073FCCDF8309002218DF82C007548CDF86D
:1069E0003490ADF838900AF0B8FC28220DF1300848
:1069F0000DEB020143466F48CDF8009000F0CAFD50
:106A0000282243460DEB02016A48CDF8009000F0C1
:106A1000C1FDEB434FF0010EEA08A15C03F0070350
:106A20000EFA03F321EA0303A35405EB0E03DA1075
:106A3000DB43A15C03F007030EFA03F321EA03032F
:106A4000A3545D4B05F1020C029305F12A00029B51
:106A50006FEA0C0213F8011B4FEADC0A4FEAD10976
:106A6000C94318F8099001F00701029302F00702E8
:106A700014F80A3049FA01F919F0010F0EFA02F27E
:106A800018BF13430CF1010C14BFDBB293436045F4
:106A900004F80A30DBD105F17203DFF8209105F12B
:106AA0004A0C02930DF1300A6FEA0C024FF0010E0E
:106AB00019F8011F02F007020EFA02F24FEAD10E96
:106AC000C9431AF80EE04FEADC0801F0070114F898
:106AD00008304EFA01FE1EF0010F1ABF1343DBB25D
:106AE000934304F80830029B0CF1010C6345DBD1A1
:106AF00000214FF001096FEA010EC2430BEBD10CEC
:106B00009CF8A3C14FEAD0080EF0070E14F8083025
:106B100002F007024CFA0EFC1CF0010F09FA02F217
:106B200018BF134301F1010114BFDBB293432029C5
:106B300004F8083000F10100DDD17235ADB2013644
:106B400085E60622534305220433B3FBF2F39BB2DE
:106B500003E003EB4303C3F34F03302003F12F02A1
:106B6000B2FBF0F20A44B4990A60B3FBF0F100FB07
:106B7000113301EB810202EB820252009BB292B20E
:106B800013B102331A4492B2722100209BF8A23151
:106B900001FB0322B39B1A60B29B0732D2081A6032
:106BA0000DF5297DBDE8F08F5B00D0E703EB4303D3
:106BB000CDE700BFD20C0020292A0108502A010885
:106BC000034670B5454A8AB005AC02F11006254669
:106BD00010685168083203C5B2422C46F7D11068DC
:106BE0003F4A2860106892880390ADF810203D4A13
:106BF0000AA8029249F28E52ADF8042093F8A72118
:106C0000002A0CBF3421082193F8A12100EB420295
:106C100032F8142CB2FBF1F20621632AA3F8A82162
:106C2000A3F8AA112AD037D83C2A53D022D81E2A3A
:106C300019D8092A1BD92C4921FA02F2D20716D5F4
:106C4000B3F8B0210AA901EB921111F81C1CB2F59E
:106C5000C07FA3F8AC1102F03F01A3F8AE1106D239
:106C600000200AB070BD232AEAD02F2AE8D06FF0A6
:106C70006900F6E73E2A2DD0562AF8D1B3F8B021A4
:106C80000AA901EBD21111F8201C02F07F02A3F82F
:106C9000AC11A3F8AE21E3E7B2F5C37F13D00ED851
:106CA000B92A01D0C62AE2D1B3F8B0210AA901EB72
:106CB000122111F8241CD2B2A3F8AC11E9E740F27A
:106CC00093118A42D3D14FF48472A3F8AC21B3F864
:106CD000B021DEE73822A3F8AA21B1E7981701080E
:106CE0001F2A010841444748000440502DE9F04361
:106CF0000D4617461C4685B090F8609106460D98E3
:106D0000FAF726F81F49FAF72FF9FAF765FAFF2D77
:106D100008BF0225FF2F04BF09F10D095FFA89F7AB
:106D2000FF2C08BF0A248DF80A4001249DF830800A
:106D3000CDE90044B8F1FF0F08BF4FF00008030C85
:106D40008DF80C30030A8DF80D308DF80E000723F6
:106D50008821D6F85C0102AA8DF808508DF80970D8
:106D60008DF80B8008F0EFFB40B9CDE900440346F5
:106D70000246C521D6F85C0108F0E5FB05B0BDE888
:106D8000F08300BF00007A411FB50F4B14211A8811
:106D90009B78ADF80C208DF80E300123CDE900333F
:106DA00003AA0323D0F85C0108F08BFB9DF80D309B
:106DB0009DF80C209DF80E001B0243EA0243184385
:106DC00005B05DF804FB00BFB217010873B50546B6
:106DD0000E4609F08AFC0128044656D100213046AF
:106DE000FAF7C0F900283BD030462949FAF7B0F944
:106DF000002835D04FF07C513046FAF701F825498C
:106E0000F9F7F6FEFAF7E8F9C3B2142B21D8022BF2
:106E100026D9033B112B23D8DFE803F02F220922C8
:106E20000A222229222222222B222222222D082457
:106E300095F8623185F85041C5F8686100932246A3
:106E4000284695F8613195F8601109F078FC02B098
:106E500070BD7D2B13D006D81F2B12D03E2B12D025
:106E60006FF00700F3E7FA2BFAD10624E0E70924D4
:106E7000DEE70224DCE70A24DAE70024D8E7052469
:106E8000D6E70324D4E70424D2E76FF01300DEE74B
:106E90000000FF430AD7233C37B50C4605460021C6
:106EA0002046FAF75FF9B0B120460C49FAF750F9DD
:106EB00088B10B492046FAF757F8FAF78DF9012304
:106EC0008DF8070040F6E70128460DF1070209F0AA
:106ED00082FB03B030BD6FF01000FAE700000C43F6
:106EE0000000204037B504460D4609F0FEFB68BBA4
:106EF00000212846FAF722F960B928461549FAF721
:106F000031F920B128461449FAF722F918B96FF07F
:106F1000650019E00F4D11492846F9F771FF4FF050
:106F20009841F9F76DFF0E49FAF71EF8FAF754F990
:106F3000C4F87401009094F87931204694F87A21CD
:106F4000D4F8701109F033FC03B030BD6FF01300BA
:106F5000FAE700BF9A99193F0000484300007A44BD
:106F60000024F44B37B504460D4609F0BEFB00285B
:106F700039D0032805D0022810D06FF0130003B0D9
:106F800030BD28462449FAF7EDF820B128462349B8
:106F9000FAF7DEF838BB6FF06400F0E728462049C6
:106FA000FAF7E0F80028F6D028461E49FAF7D0F89C
:106FB0000028F0D01C492846F9F722FF01461B485B
:106FC000F9F7D2FFFAF708F916220146C4F8700162
:106FD000204609F00EFC0028D1D1204603B0BDE8C0
:106FE000304009F00EB928460F49F9F709FF01466C
:106FF0000E48F9F7B9FFFAF7EFF8D4F87431C4F88E
:1070000070010093014694F87931204694F87A2172
:1070100009F0CDFBDFE700BF23DBF93E355EFA3E2A
:10702000CDCCCC3D9A99193F00007A440024744E8F
:1070300030B585B004AC04E90E009DF82030029C08
:10704000032B07D1036808A9D3F8D030984718B1AB
:1070500005B030BD4FF0FF309DF82030CBB9019D19
:107060001F492846FAF77EF868B328461D49FAF703
:107070006FF840B320461A49FAF774F830B3204647
:107080001949FAF765F8002814BF00206FF0650071
:10709000DEE7012BDCD19DF80430053B072B18D827
:1070A00000212046FAF75EF8B0B120460F49FAF702
:1070B0004FF888B19DF80C30043B042B94BF00209E
:1070C0006FF00900C4E76FF06400C1E76FF065007E
:1070D000BEE76FF00800BBE76FF00700B8E700BF3E
:1070E0009A99193F00009643000048430000FF436F
:1070F00037B505460C4609F0F8FA002840F02B8118
:1071000098492046C5F88441F9F770FD964920F06A
:107110000040FAF71DF8002840F0F580934920461A
:10712000F9F764FD904920F00040FAF711F80028C3
:1071300040F0EB808E492046F9F758FD8A4920F04F
:107140000040FAF705F8002840F0E1808949204620
:10715000F9F74CFD844920F00040F9F7F9FF0028C9
:1071600040F0D78084492046F9F740FD7E4920F061
:107170000040F9F7EDFF002840F0CD807F49204620
:10718000F9F734FD784920F00040F9F7E1FF0028D5
:1071900040F0C3807A492046F9F728FD724920F073
:1071A0000040F9F7D5FF002840F0B9807549204626
:1071B000F9F71CFD6C4920F00040F9F7C9FF0028E1
:1071C00040F0AF8070492046F9F710FD664920F085
:1071D0000040F9F7BDFF002840F0A5806B4920462C
:1071E000F9F704FD604920F00040F9F7B1FF0028ED
:1071F00040F09B8066492046F9F7F8FC5A4920F098
:107200000040F9F7A5FF002840F091806149204631
:10721000F9F7ECFC544920F00040F9F799FF0028F9
:1072200040F087805C492046F9F7E0FC4E4920F0A9
:107230000040F9F78DFF00287DD158492046F9F725
:10724000D5FC494920F00040F9F782FF002874D1AD
:1072500053492046F9F7CAFC434920F00040F9F7AA
:1072600077FF00286BD14F492046F9F7BFFC3E4914
:1072700020F00040F9F76CFF002862D14A4920460F
:10728000F9F7B4FC384920F00040F9F761FF002815
:1072900059D146492046F9F7A9FC334920F000406E
:1072A000F9F756FF002850D141492046F9F79EFCD6
:1072B0002D4920F00040F9F74BFF002847D13D4908
:1072C0002046F9F793FC284920F00040F9F740FFE9
:1072D00000283ED138492046F9F788FC224920F0A1
:1072E0000040F9F735FFC8B30923D5F8742185F8B4
:1072F00079310092284695F87A21D5F8701109F075
:1073000056FA03B030BD1F23EFE71723EDE70F2335
:10731000EBE71E23E9E71623E7E70E23E5E71D2346
:10732000E3E71523E1E70D23DFE71C23DDE7142363
:10733000DBE70C23D9E71B23D7E71323D5E70B2380
:10734000D3E71A23D1E71223CFE70A23CDE7192386
:10735000CBE71123C9E76FF01300D2E76FF06700A6
:10736000CFE700BF9A9999406F12833A9A99B94032
:107370009A99E94033331B4133333B419A99694130
:1073800000009C413333BB416666EA4100001C4269
:107390009A993B4266666A4266669C429A99BB42EB
:1073A0009A99EA4233331C4333333B43CD4C6A430F
:1073B00000009C43CDCCBA430080E943F0B590F87F
:1073C000493106460D46174685B013B14F4805B002
:1073D000F0BD03681B699847304609F0BEFA830682
:1073E00002D5304609F0CEFA494925F00040F9F7B8
:1073F000AFFE044630B10121304605B0BDE8F04093
:1074000008F09CBB43492846F9F7F0FB404920F0BF
:107410000040F9F79DFE002869D13F492846F9F759
:10742000E5FB3B4920F00040F9F792FE002860D1CF
:107430003A492846F9F7DAFB354920F00040F9F7D8
:1074400087FE002857D136492846F9F7CFFB304947
:1074500020F00040F9F77CFE00284ED13149284643
:10746000F9F7C4FB2A4920F00040F9F771FE002823
:1074700045D12D492846F9F7B9FB254920F00040B0
:10748000F9F766FE00283CD128492846F9F7AEFBFB
:107490001F4920F00040F9F75BFEA0BB24492846B5
:1074A000F9F7A4FB1A4920F00040F9F751FE002833
:1074B0008CD0072338468DF80C30F9F749FC1D496C
:1074C000F9F752FDF9F788FE030C8DF80D30012312
:1074D000C6F88C71CDE9003340BAADF80E00042334
:1074E0009721D6F85C0103AA08F02DF86FE7234630
:1074F000E0E70123DEE70223DCE70323DAE70423E6
:10750000D8E70523D6E70623D4E700BF41FDFFFFF8
:107510006F12833ACDCCCC3F9A99D93F6666E63F4D
:10752000CDCC0C409A991940CDCC2C400000404065
:107530003333534000007A41004870470000C8C10F
:1075400038B5104B002503604FF07E534360012394
:10755000044683602946C0F8445180F848512822E7
:107560000C3000F075FB4FF480722946656304F11E
:10757000380000F06DFBC4E94E5584F840512046B8
:1075800038BD00BFD41D0108014809F08DBE00BF01
:10759000680C00202DE9F74F019200296CD0002BD8
:1075A0006AD0002294461546019CA54212D1690773
:1075B00008D04178032904BF110C03F8011B110AFC
:1075C00019705A700C9B0BB1C3F800C0002003B0B7
:1075D000BDE8F08F90F801E0EF43DFF8A480BEF142
:1075E000020F18BFC24690F80080264E6FEA0809C5
:1075F00008BFB2464FEAD5040C5D07F0070744FA0E
:1076000007F404F00104C4F101064FEA86064FEACC
:10761000980B09F00309F6B206EBC9065AF82B904D
:1076200004EB480429FA06F60CBF4FF010094FF09E
:107630004009B4FBF9F809FB184407FB0EF706F004
:107640000F06047005F00704BE40072C42EA06024C
:107650000CD1BEF1030F04BF140C03F8014B1C4600
:10766000160A04F8026B5A7023460022447801354A
:1076700064441FFA84FC97E74FF0FF30A7E700BF90
:10768000C41E0108B41E010808B5074B0749184677
:1076900009F05BFE1846064A06F0E5FD0022054BA0
:1076A0001A705A7008BD00BF7C0C00202B13010813
:1076B000440B0020D20C0020024B0146186800F059
:1076C0000BB800BF84070020024B0146186804F085
:1076D000BFB900BF840700202DE9F04F01F10B0571
:1076E000162D064683B024D8102900F2AF8000F092
:1076F000FFFA102518224FF0020CBB4F3A44546891
:10770000A2F108039C4200F00A816368E268A16864
:1077100023F003032344CA6091605A68304642F064
:1077200001025A60083400F0E9FA204603B0BDE8CF
:10773000F08F35F0070500F18980A94200F28680BC
:1077400000F0D6FAB5F5FC7FC0F056816B0A00F068
:107750008180042B00F20A81AB0903F1390C03F19B
:1077600038044FEACC00A04F3844436808389842A8
:1077700006D10CE0002980F2C080DB68984206D078
:107780005A6822F00302511B0F29F3DDA446DFF8EB
:107790005C823C69444500F09D80636823F00309E6
:1077A000A9EB05030F2B00F32C81002BC7E90488FC
:1077B00080F20E81B9F5007FD7F804E080F0B68042
:1077C00001234FEAD9014FEA5919194403FA09F381
:1077D00057F831204EEA030E07EBC103083BA260C5
:1077E000E360C7F804E047F83140D46001204FEA75
:1077F000AC039840704533D810EA0E0F07D12CF037
:10780000030C400010EA0E0F0CF1040CF9D007EB4A
:10781000CC0A5346E146D9680EE04A680C4622F08D
:107820000302A2EB050EBEF10F0FC96800F3AC8096
:10783000BEF1000F80F2BF808B42EED109F1010949
:1078400019F0030F03F10803E5D122E10C233360A3
:1078500000246AE74FF400704FF0400C3F2482E7A9
:10786000BC68636823F00308A84503D3A8EB0503AD
:107870000F2B32DC5E4B04EB080A1A685D4B2A447E
:107880001968013100F06B8102F580520F3222F449
:107890007F6222F00F0211463046009200F090FA0B
:1078A000B0F1FF3F8146009A524B05D0824540F22D
:1078B000C380BC4200F00381BC68626822F003020E
:1078C000AA42A2EB050301D30F2B06DC304600F0E1
:1078D00015FABDE7D7F804E088E7621943F0010321
:1078E00045F0010565603046BA600834536000F029
:1078F00005FA204603B0BDE8F08F1A44D3E90241EF
:10790000E1608C605168304641F0010103F10804E8
:10791000516000F0F3F9204603B0BDE8F08FD46861
:10792000A2427FF4F2AE0CF1020C30E7B9F5206F01
:107930004FEA592279D3142A00F22D8102F15C0317
:10794000DB005B32F918FB580839994203D108E192
:107950009B68994204D05A6822F003024A45F7D83E
:10796000D968C4E902318C60DC603FE7142B40F237
:107970008480542B00F218812B0B03F16F0C03F160
:107980006E044FEACC00EEE63046A668631945F077
:1079900001056560F1608E604EF00101C7E90433B6
:1079A000C3F80880C3F80C80596044F802E000F086
:1079B000A5F90834B9E622445368304643F0010380
:1079C000536054F8083FD9608B6000F097F9ACE63B
:1079D000A144D9F80430304643F00103C9F804301B
:1079E00000F08CF90834A0E6000000200800002018
:1079F000C40C00207C0700204FEAD50C05F10802DA
:107A00007BE6621943F0010145F0010565603046EF
:107A1000C7E90422C2F80880C2F80C80516044F81B
:107A2000093000F06BF908347FE64FEA991202F151
:107A30003903DB00383285E7DFF808B2DBF80010E5
:107A400011440846CBF8001040D1C9F30B0CBCF12F
:107A5000000F3BD1D7F80890424442F00102C9F828
:107A60000420794B4C461868884238BF1960774B20
:107A70001868884238BF196020E703F15C0C03F1F5
:107A80005B044FEACC006EE65AF80839534540F0E3
:107A9000D6801CF0030F0CF1FF3CF5D17B6823EA84
:107AA00000037B60400098423FF6DAAE18B9D7E693
:107AB000400009F104091842FAD0CC46A7E6DFF8E5
:107AC00084B1DBF800001044CBF8000019680131E4
:107AD0001BBFA9EB0A031B18C3F80090CBF80030BA
:107AE00019F0070346D0C3F108018944C3F580515A
:107AF0004A440831891AC1F30B0A514630460193B2
:107B0000009200F05DF9421CDDE900237BD0A0EB80
:107B1000090000EB0A02DBF8003042F001020AEB38
:107B20000301BC42C7F80890CBF80010C9F8042044
:107B300097D0B8F10F0F42D905206268A8F10C0365
:107B400023F0070302F001021A4362600F2B04EBDB
:107B50000302506090604CD8D9F8042081E71032BD
:107B600099E60120921000FA02F24EEA020EC7F8DE
:107B700004E0F6E609EB02014942C1F30B0A514663
:107B800030460193009200F01BF9431CDDE900230D
:107B9000BDD19A46BFE7542A15D84FEA193202F1EF
:107BA0006F03DB006E32CDE6B3F5AA7F15D8EB0B81
:107BB00003F1780C03F177044FEACC00D3E50123FD
:107BC000C9F8043082E6B2F5AA7F23D84FEAD93249
:107BD00002F17803DB007732B4E640F2545293426C
:107BE00023D8AB0C03F17D0C03F17C044FEACC00ED
:107BF000B9E504F10801304603F02AFFD7F80890F0
:107C0000DBF80010A8E7083B1A444FF0000AA2EB8B
:107C1000090280E740F254539A420CD84FEA994245
:107C200002F17D03DB007C328CE64FF47E704FF076
:107C30007F0C7E2497E54FF47E737E2282E67B687C
:107C400030E700BF940C0020C00C0020BC0C0020CA
:107C500070B5860747D0541E002A3ED00346CAB2EC
:107C600001E0013C39D303F8012B9D07F9D1032C26
:107C70002CD9CDB205EB05250F2C1A4605EB054591
:107C800034D9A4F1100C2CF00F0603F1100EB644F9
:107C90004FEA1C1C156055609560D5601032724526
:107CA000F8D10CF1010214F00C0F03EB021204F0F6
:107CB0000F0C13D0ACF1040323F00303043313447B
:107CC00042F8045B9A42FBD10CF003042CB1C9B218
:107CD0001C4403F8011B9C42FBD170BD6446134653
:107CE000002CF4D1F9E703461446C0E7A446E1E7C7
:107CF000014806F00DBB00BF34090020014806F022
:107D00000DBB00BF340900200FB400B5074A83B093
:107D100004AB106853F8042B8168019301F052FE04
:107D200003B05DF804EB04B0704700BF8407002087
:107D300030B5044689B008460D4600F095F801219B
:107D400002231A4A04950692A26B04AD05900844DA
:107D500001950791A56802930390C2B16B6ED80795
:107D600002D4AB8999051CD5204601AA294603F007
:107D70006DFF6B6E00280CBF0A244FF0FF34DA074A
:107D800002D4AB899B0506D5204609B030BD2046FC
:107D900003F08AFDE2E7A86D06F0C0FA204609B0BC
:107DA00030BDA86D06F0B4FADEE700BF0820010878
:107DB000024B01461868FFF7BBBF00BF84070020D5
:107DC000002238B5064D044608462A60FBF740FEFF
:107DD000431C00D038BD2B68002BFBD0236038BD7E
:107DE000C80C00200CB410B51E4B00291C689CB0B8
:107DF00033DB4FF402734FF6FF7CADF81430029082
:107E000006901FAB16D001391E9A049107912046A7
:107E100002A90193ADF816C000F0A8F8421C01DADF
:107E20008B2323600022029B1A701CB0BDE8104017
:107E300002B070470491079120461E9A02A901934F
:107E4000ADF816C000F092F8431C01DA8B232360D2
:107E50001CB0BDE8104002B070478B234FF0FF30DC
:107E60002360F5E78407002020F0030110F00300F1
:107E7000C0F1000051F8043B00F1040C4FEACC0CB7
:107E80006FF000021CBF22FA0CF213434FF0010CFA
:107E90004CEA0C2C4CEA0C4CA3EB0C0222EA030239
:107EA00012EACC1204BF51F8043B0430F4D0C2F102
:107EB000000102EA0102B2FA82F2C2F11F0200EBF3
:107EC000D2007047B2B340EA01039B07844630B545
:107ED00018D1032A16D904460B4606E0043A2BD0E3
:107EE0001EF0803F28D1032A2AD919462068A446CB
:107EF000A0F1013323EA000E0B4653F8045B04346F
:107F0000A842EBD09CF800000C78844216D1012ADC
:107F100012D0E64668B11EF8010F11F8014FA2EB2E
:107F20000E03A04203F1FF3308D11CEB0303F1D190
:107F3000184630BD10467047002030BD001B30BDD4
:107F4000A4461946DEE700BF71B1034600EB010C01
:107F500001E0634506D01A46117801330029F8D1B3
:107F6000101A7047181A7047084670472DE9F04FED
:107F7000D9B00C4692460C910E930B9004F000F889
:107F8000036818461793FFF76FFFA38916901D0625
:107F900003D52369002B00F07B87002300249E4635
:107FA000CDE92D330023CDE91434544623782FAA8C
:107FB0009346CDE919EECDE91BEE2C92CDF860E0A9
:107FC000CDF828E0CDF848E0002B00F04881A2462B
:107FD00004E01AF8013F002B00F09B80252BF8D11C
:107FE000BAEB040540F099809AF80030002B00F0BD
:107FF000368100234FF0FF399AF801508DF8933005
:108000000AF1010A099307930AF1010AA5F1200375
:108010005A2B00F2B180DFE813F00A03AF00AF0083
:108020000303AF00AF00AF00E002AF00AF006A0093
:108030001503AF002F027B02AF0074025B005B00F0
:108040005B005B005B005B005B005B005B00AF0004
:10805000AF00AF00AF00AF00AF00AF002D01AF0029
:10806000CD01C6022D012D012D01AF00AF00AF00E3
:10807000AF00BF02AF00AF009402AF00AF00AF008F
:10808000DB01AF003602AF00AF00F306AF00AF0078
:10809000AF00AF00AF00AF00AF00AF002D01AF00E9
:1080A000CD0102022D012D012D01AC02020275004D
:1080B000AF003C03AF002D03F0061B037500AF00BB
:1080C000DB017200EC06AF00AF001907AF007200D1
:1080D0000022A5F130031AF8015B02EB820203EBE8
:1080E0004202A5F13003092BF5D909928EE70E9BC8
:1080F00053F8042B002A09920E93C0F2BA819AF821
:10810000005081E7079B9AF8005043F02003079343
:108110007AE7BAEB040500F0A2802D9B2E9E013376
:108120002E44072BCBE900452E962D9305DC0BF151
:10813000080B0A9B2B440A9356E72CAADDE90B0196
:1081400004F05AFE78B90DF1BC0BF2E72CAADDE978
:108150000B0104F051FE002872D00D9B1BB10D994C
:108160000B9803F075FC0C9B9B89590601F17783F2
:108170000A9859B0BDE8F08F0F95002D6FD00022FE
:1081800001278DF8FC5008973FAC8DF8932091465D
:10819000CDE910220D921392079B13F0020302D037
:1081A000089902310891079911F0840505D1DDE99C
:1081B00008010E1A002E00F3A580002A40F0E78087
:1081C0002E9E7BB10223CBF804302D9B0236013367
:1081D00025AA072B2E962D93CBF8002000F31384AD
:1081E0000BF1080B802D00F0ED82A9EB0708B8F128
:1081F000000F00F33783079BD90500F154822D9BB4
:10820000BD190133072BCBF80040CBF804702E9535
:108210002D9300F3A3830BF1080B079B580705D59B
:10822000DDE908239C1A002C00F30984DDE9092309
:1082300008998A42ACBF9B185B180A93002D85D120
:1082400000232D930D9B1BB10D990B9803F000FC9F
:1082500054460DF1BC0B2378002B7FF4B8AE2E9B57
:10826000002B80D00C9C0B9821462CAA04F0C4FD56
:10827000A3897AE70E9B0F95073323F00703F3E8F2
:1082800002560E9326F000431F931E95DDE91E78DB
:108290004FF0FF3238464146BB4BCDE91456F8F754
:1082A000F3FB002840F04C854FF0FF323846414642
:1082B000B54BF8F7CBFB002840F0428500220023A5
:1082C00028463146F8F7B8FB002840F0FB879DF8B8
:1082D000932000210327079BAC4C23F080030793D6
:1082E000AB4B0D9108970F9889464728C8BF1C468D
:1082F000CDE910111391002A3FF44EAF089B0133D2
:10830000089349E7102EDFF88C82DDE92D212CDD62
:108310001D9343465846B846A34622951F460B9DDB
:108320000C9C04E0103E102E00F1080016DD102316
:1083300001321031072ACDE92D2107604360F1DDBC
:10834000214628462CAA04F057FD00287FF405AFEB
:10835000DDE92D21103E102E2FA8E8DC5C46834677
:108360003846474680461D9B229D01323144072AEC
:10837000CBF80080CBF804602E912D9200F3D086CC
:108380009DF893200BF1080B002A3FF419AF01224E
:108390002E9ECBF8042016442D9A0DF19301013244
:1083A000072A2E962D92CBF8001000F339830BF19B
:1083B000080B06E7002201270E9B0F9553F8041BBC
:1083C00008973FAC8DF893208DF8FC100E93DEE6F5
:1083D00000270E9E0F9556F8044B8DF89370002CD5
:1083E00000F0FE86B9F1FF3F00F061854A4639464C
:1083F000204603F02BFE0D90002801F08881B9463D
:108400000D9BCDE910991F1B27EAE7739DF8932078
:108410000E960893CDF83490CDF84C906BE7079BFF
:108420000F959C0640F1C8800E9B073323F007038D
:108430001846596850F8083B0A460E900029C0F2C9
:108440004484B9F1FF3F00F07B86079921F0800753
:1084500053EA020100F0D6830A2B72F1000180F08A
:108460000686303307978DF85F3101270DF25F14D0
:1084700039E0099B5B420993079B9AF8005043F04F
:1084800004030793C0E5079B0F9543F0100717F00F
:10849000200200F0F4830E9B0121073323F0070331
:1084A00018465A6850F8083B0E900020B9F1FF3F7B
:1084B0008DF8930000F0558127F08000079053EA73
:1084C000020040F04D81B9F1000F40F04F860029C5
:1084D00040F09D8317F001071DBF30230DF25F149C
:1084E0008DF85F3158ACB9454FF000034A46B8BF2C
:1084F0003A46CDE9103308920D939DF893201393DB
:10850000F9E6079B9AF8005043F0800307937BE558
:10851000524612F8015B2A2D01F03082A5F130039A
:10852000092B92464FF000093FF670AD1AF8015B37
:1085300009EB890903EB4909A5F13003092BF5D9AA
:1085400064E5079B0F9543F010030793079B13F017
:10855000200200F0A9830E9B073323F0070319467E
:108560005A6851F8083B0E91079921F48067002161
:108570009BE79AF80050079B682D00F06B8443F04E
:108580004003079340E500BFFFFFEF7F0C20010889
:108590001020010860200108079B9AF8005043F062
:1085A0000803079330E5079B0F9543F010030793EB
:1085B000079B9C063FF538AF0E9A52F8043B0E928B
:1085C000079AD00600F1A783079A510640F19F83CE
:1085D00043F3C03211461BB230E70B9D284603F02F
:1085E000CFFC436818461B93FFF73EFC0346284622
:1085F0001C931D4603F0C4FC83681993002D3FF4BF
:108600007EAD199B9AF80050002B3FF4FDAC1B780F
:10861000002B3FF4F9AC079B43F480630793F3E42A
:10862000079B9AF8005043F001030793ECE49DF890
:1086300093309AF80050002B7FF4E6AC20238DF89D
:108640009330E1E42B239AF800508DF89330DBE46B
:10865000079B782043F0020747F630030E9AADF8E7
:1086600094300F9052F8043B9F480E920221002252
:1086700018901AE7079B990640F151830E9B0A9ABE
:108680001B681A60D2175A600E9B544604330E932F
:10869000E1E59AF80050079B6C2D00F0E48343F06D
:1086A00010030793B0E40F9B652B40F36381DDE972
:1086B000140100220023F8F7B5F9002800F0FD812D
:1086C0000123CBF804302D9B884A01330136072B58
:1086D0002E962D93CBF8002000F33B850BF1080B71
:1086E000269B129A934204DB079BDA0701D4354696
:1086F00093E5169B179A9D19CBE900232D9B2E9588
:108700000133072B2D9300F3B7830BF1080B129B5A
:108710005C1E002C7FF781AD102C2D9B40F32C8527
:10872000DDE90B891027724E05E00BF1080B103CB8
:10873000102C40F3228501331035072BCBE900675D
:10874000CDE92D35F1DD494640462CAA04F054FB15
:1087500000287FF402ADDDE92D350DF1BC0BE6E715
:10876000079F01293FF478AE022958AC10D1189820
:1087700003F00F01415C1B0943EA0273120904F87C
:10878000011D53EA0201F3D158AB07971F1BAAE65C
:1087900003F00701DB0843EA4273D208303153EAA1
:1087A0000205204604F8011DF2D1FD07ECD5302961
:1087B000EAD03023023804F8013C58AB079704464E
:1087C0001F1A90E6DDE90823A3EB0208B8F1000FB9
:1087D0007FF70BADB8F1100F32462D9B41F32E8081
:1087E000434E58461D97A3463746102519460B9C05
:1087F0000C9E06E0A8F11008B8F1100F00F1080077
:1088000017DD013110320729C0E90075CDE92D12BD
:10881000F0DD314620462CAA04F0EEFA00287FF461
:108820009CACDDE92D12A8F11008B8F1100F2FA8AB
:10883000E7DC5C460B4683463E461D9F0133CBF882
:108840000060072B08EB0206CDE92D36CBF804803B
:1088500000F3AF84A9EB0708B8F1000F0BF1080B88
:108860007FF7C9ACB8F1100F32462D9B204E2CDD9E
:1088700059464FF01009C3460B9DB04626460C9C46
:1088800006E0ABF1100BBBF1100F01F1080118DD90
:10889000013317481032072BC1E90009CDE92D3209
:1088A000EFDD214628462CAA04F0A6FA00287FF422
:1088B00054ACDDE92D32ABF1100BBBF1100F2FA939
:1088C000E6DC34464646D8468B460133CBF800609A
:1088D000072B08EB0206CDE92D36CBF8048000F318
:1088E000C1810BF1080B86E41C2001084C20010813
:1088F000502001080123CBF804302D9BBE490133E1
:10890000751C072B2E952D93CBF8001000F3EE84E9
:108910000BF1080B002A40F07384079B129A03F0B6
:10892000010313433FF479AC169B179A5919CBE90D
:1089300000232D9B2E910133072B2D9300F395855A
:108940000BF1080B129A01335518072BCDE92D3581
:10895000CBF80040CBF804207FF75DACDDE90B01DC
:108960002CAA04F049FA00287FF4F7AB2E9D0DF1F4
:10897000BC0B52E4129B0BF10807012B40F31C8146
:108980000123CBF804302D9B01360133072BCBF8A4
:1089900000402E962D9300F3A281169A03F1010850
:1089A000179B9519B8F1070FC7E90032CDE92D855E
:1089B00000F3A1810837129B0022DDE9140103F1C5
:1089C000FF390023F8F72EF8002840F0238108F142
:1089D000010801344D44B8F1070FCDE92D853C6005
:1089E000C7F8049000F3FC8008371A9A08F10103D5
:1089F00015447A60072B28AACDE92D353A60ADDC05
:108A000007F1080B09E42CAADDE90B0104F0F4F9E5
:108A100000287FF4A2AB2E9E0DF1BC0BFFF7E2BB4A
:108A20002CAADDE90B011D9304F0E6F900287FF480
:108A300094AB2E9E1D9B0DF1BC0BFFF7C2BB102CFF
:108A40002D9B40F39D86DFF8B48110274646DDF864
:108A50003090DDF82C8004E0103C102C0BF1080B5A
:108A600016DD01331035072BCBE90067CDE92D3535
:108A7000F2DD494640462CAA04F0BEF900287FF4F6
:108A80006CABDDE92D35103C102C0DF1BC0BE8DC96
:108A9000B04601332544072BCBE90084CDE92D35C1
:108AA0007FF7C4ABDDE90B012CAA04F0A5F900287F
:108AB0007FF453AB2E9DFFF7B9BB269A002A7FF7B0
:108AC00019AF109F129B9F42A8BF1F46E318002FAB
:108AD0000F930BDD2D9B3E440133072BCBE9004761
:108AE0002E962D9300F3A5850BF1080B109D002FFA
:108AF000A8BFED1B002D00F3F381079BDDF840902C
:108B00005B05A14400F11182269C129B9C4203DB71
:108B1000079AD70740F19384169B179A9D19CBE9C2
:108B200000232D9B2E950133072B2D9300F3E18518
:108B30000BF1080B129B1C1B0F9BA3EB0907A74211
:108B4000A8BF2746002F0DDD2D9B3D440133072B89
:108B5000CBF80090CBF804702E952D9300F3E585AB
:108B60000BF1080B002FA8BFE41B002C7FF755ABBF
:108B7000102C2D9B40F30083DDE90B891027204E3C
:108B800005E00BF1080B103C102C40F3F68201338A
:108B90001035072BCBE90067CDE92D35F1DD4946CE
:108BA00040462CAA04F028F900287FF4D6AADDE973
:108BB0002D350DF1BC0BE6E7079BDD073FF5E0AE79
:108BC0000123CBF804302D9B751C03F10108B8F18B
:108BD000070FCBF800402E95CDF8B4807FF705AF96
:108BE000DDE90B012CAA04F007F900287FF4B5AAEF
:108BF000DDE92D852FAFF8E64C2001086020010843
:108C000050200108B9F1000F7FF42BAC07974F46B5
:108C100058AC68E4129B012B7FF7E7AE112B40F3B1
:108C2000A0864346DDE90B8B1024AA4E06E00837E8
:108C3000A9F11009B9F1100F40F317830133103572
:108C4000072BC7E90064CDE92D35F0DD59464046D4
:108C50002CAA04F0D1F800287FF47FAADDE92D3595
:108C60002FAFE5E72CAADDE90B0104F0C5F80028D9
:108C70007FF473AA2E9E0DF1BC0BFFF7BCBA0E99C0
:108C800051F8043B0E9117F010010BD117F0400082
:108C900003D00A469BB2012107E417F400721CBFFF
:108CA0000246DBB2012100E40E9951F8043B0E911B
:108CB000079911F010017FF457AC079A12F04000A9
:108CC00000F0E8820A469BB24EE45B424FF02D0072
:108CD0004FF00101079F62EB4202FFF7E7BB2CAAAE
:108CE000DDE90B0104F088F800287FF436AADDE9FD
:108CF0002D362FAF51E62CAADDE90B0104F07CF8EC
:108D000000287FF42AAADDE92D852FAF53E6079AC4
:108D1000920500F1A483DA171146FFF78FBB079B7A
:108D2000DA0600F15382079B5B0600F19283079BF2
:108D30009F0540F14B820E9B0A9A1B681A70A3E4B0
:108D4000DDE9140102460B46F7F79EFE002840F0CD
:108D5000C3850F9B612B00F08984412B00F0E384D5
:108D6000B9F1FF3F00F09C830F9B23F02003472BBA
:108D700004D1B9F1000F08BF4FF00109DDE9141269
:108D8000079D002A45F480700890C0F2A684002355
:108D9000CDE920121D930D930F9B413B252B00F233
:108DA000B382DFE813F08D03B102B102B102800398
:108DB0008403B102B102B102B102B102B102B10247
:108DC000B102B102B102B102B102B102B102B1020B
:108DD000B102B102B102B102B102B102B102B102FB
:108DE000B102B102B102B102B102B102B10280031B
:108DF0008403079F0F95FFF74ABB0F95FFF7A6BBAC
:108E0000354B0F951893079B13F0200200F011814A
:108E10000E9B073323F0070319465A6851F8083BA5
:108E20000E910798C6070BD553EA020108D00F9997
:108E30008DF8951040F00201079130218DF89410C3
:108E4000079921F480670221FFF72FBB234B0F9571
:108E50001893D8E743F400739AF8015007930AF186
:108E6000010AFFF7D1B843F020039AF801500793A5
:108E70000AF1010AFFF7C8B82CAADDE90B0103F0DB
:108E8000BBFF00287FF469A92E9D0DF1BC0B3EE4C9
:108E900040210B98FEF720FC0C9B186018610028FD
:108EA00000F0DA8440230C9A5361FFF776B820462D
:108EB0000E96FEF7D9FFB94620EAE0730746CDE9E2
:108EC00010999DF89320CDF83490CDF84C900893EC
:108ED000FFF711BA50200108302001081C200108BA
:108EE000102D32462D9B40F3DD81DDE90B891027E3
:108EF000B94E05E00BF1080B103D102D40F3D38166
:108F000001331032072BCBE90067CDE92D32F1DDBB
:108F1000494640462CAA03F06FFF00287FF41DA9A4
:108F2000DDE92D320DF1BC0BE6E711995A463046CA
:108F3000CDF874A04E464FF01008A74FDDF864A09E
:108F40001C9BDDF830B0DDF84C9081B3B9F1000F17
:108F500000F0F98009F1FF391B991844C2E90013A8
:108F60002D992E90013107292D9173DC08320F9C29
:108F70009AF80010A51B8D42A8BF0D46002D0CDDF0
:108F80002D99284401310729C2E900652E902D91C1
:108F900000F300819AF800100832002DB4BF0C468F
:108FA0004C1B002C12DC0E4411990029CED1B9F1D2
:108FB000000FCFD1B1460F9BCDF864A099459346E1
:108FC000064628BF9946DDF874A09DE5102C2D9922
:108FD00040F399840B9D1093139704E0103C102CE0
:108FE00002F1080215DD013110300729C2E90078CD
:108FF000CDE92D10F2DD594628462CAA03F0FCFEDF
:1090000000287FF4AAA8DDE92D10103C102C2FAA0F
:10901000E9DC109B139D013120440729CDE92D1077
:109020001560546000F312839AF8001008320E4461
:10903000BAE70E9951F8043B0E91079911F010010F
:109040007FF4EFAE079A12F0400000F01C810A4650
:109050009BB2E6E659460B982CAA109303F0CCFE7F
:1090600000287FF47AA82E98109B2FAA7FE7CDF8CE
:1090700034904FF0000ECDE907A7DFF86081DDF8EE
:1090800064900DF5B07C07F4806606E00A2B72F15F
:10909000000237D33B462A46A446991841F1000105
:1090A000A8FB010525F0030000EB95004FF0CC353F
:1090B000091A581A05FB00F562F1000AA0FB0870B6
:1090C00008FB0A550544052007F0010AAAFB000A1F
:1090D00040187F08303047EAC5770EF1010E0CF1D9
:1090E000FF340CF8010C6D08002ECFD099F8001059
:1090F0008E45CBD1BEF1FF0FC8D00A2B72F1000212
:1091000080F0E580089F58ABDDF81CA0CDF8649096
:109110000797DDF83490CDF848E01F1BFFF7E3B95F
:109120002CAADDE90B011D9303F066FE00287FF4F5
:1091300014A89DF893201D9B0DF1BC0BFFF73DB8C3
:10914000079FFFF789B911990AF1FF3A0139119187
:1091500002E72CAADDE90B0103F04EFE00287EF4A5
:10916000FCAF2E9E0DF1BC0BFFF7BABA0129079F89
:109170007FF4FAAAFFF775B9174E01332544072B80
:10918000CBF80060CBF80440CDE92D357FF743A83C
:10919000FFF7E4BB59460B982CAA109303F02CFE62
:1091A00000287EF4DAAF9AF800102E98109B2FAAB0
:1091B000F3E62CAADDE90B0103F01EFE00287EF485
:1091C000CCAF2E9E0DF1BC0BFFF70FB80E9B0A9A89
:1091D0001B681A60FFF758BA50200108CDCCCCCCE0
:1091E0004F46062FA14628BF062722460D94CDE9FB
:1091F0001099B04C08970E96CDF84C90FFF77BB8BD
:10920000169B17985919CBE900032D9B2E9101331A
:10921000072B2D9300F329810BF1080B002ABFF6D1
:1092200091AB5742103280F2E082DDE90B891025C4
:10923000A14E05E00BF1080B103F102F40F3D68232
:1092400001331031072BCBE90065CDE92D31F1DD7C
:10925000494640462CAA03F0CFFD00287EF47DAF9E
:10926000DDE92D310DF1BC0BE6E7984608F1010868
:109270004D44B8F1070FCDE92D853E60C7F8049045
:109280007FF7B2ABACE4079A12F400721CBF02463F
:10929000DBB2C6E5079A12F400721CBF0246DBB2CD
:1092A000FFF762B9844E0133CBF80060072B05EB62
:1092B0000206CDE92D36CBF8045000F3E4800BF123
:1092C000080B1AE42D228DF89320FFF702B81C9B9F
:1092D0001B99E41A1A46204603F058FD99F801300C
:1092E0000BB109F101094FF0000ED3E62CAADDE91C
:1092F0000B0103F081FD00287EF42FAF269A2E9DEE
:109300000DF1BC0BFFF706BB4F460223CDE900373A
:109310002AAB049327AB039326AB02930B98DDE9AA
:109320002023F8F7E9F90F9B0446672B00F04081F2
:109330000F9B472B00F03C810F9BC61923F02008A0
:10934000B8F1460F05D10378302B00F0DF82269F5D
:109350003E440022DDE920010023F7F763FB0028EB
:1093600000F0428133461B1B1293269AB8F1470F37
:10937000109200F02481B8F1460F00F0E6810F99B9
:10938000531E6129269300F0E282412940F0218199
:1093900050210120002BAEBF2B22C2F101032D2250
:1093A000092B8DF8A0108DF8A12040F338820DF123
:1093B000AF073A46DFF804C11E461046ACFB032156
:1093C000C90801EB8102A3EB42023032632E00F8A0
:1093D000012C0B4600F1FF32EEDC303302F8013C89
:1093E000831EBB4280F0D5820DF1A10213F8011B50
:1093F000BB4202F8011FF9D158AB181AA0F1AD0316
:109400001A93129B1A9A012B03EB020740F3368240
:10941000169B1F4425F4806343F480730793002355
:10942000CDE9103327EAE772139308921D9B002BB6
:1094300040F0D38099469DF89320FEF75CBF0F9AC9
:109440001C1BA2EB0907A7423546A8BF2746FFF71A
:1094500089BB0E9B0A9A1B681A80FFF715B943F364
:10946000C01211465BB2FEF7E9BF2CAADDE90B0181
:1094700003F0C2FC00287EF470AEDDE92D31269A9F
:109480000DF1BC0BCAE62CAADDE90B0103F0B4FC1C
:1094900000287EF462AE2E9E0DF1BC0BFFF72DBBB3
:1094A0004FF006096AE4022309F101072EE74F464F
:1094B00003232BE74420010850200108CDCCCCCC5D
:1094C00026AADDE9200103F0E1FB00224FF07F53E3
:1094D000F7F740F80022002306460F46F7F7A2FAF6
:1094E000002840F0C181AD4B079309F1FF3311957E
:1094F000CDF888B0A0461D46DDF81CB0CDF84CA0D4
:10950000CDF84890239405E000220023F7F78AFA6B
:10951000F0B94D460022A24B30463946F7F71AF80B
:109520000F460646F7F7C6FA0446F6F7A9FF0B46BC
:10953000024639463046F6F755FE1BF80430C2465F
:1095400008F8013B6B1C06460F4605F1FF39DBD1DD
:10955000002230463946934B1095DDF888B0DDE99E
:109560001159CDE9114ADDF84CA0239CF7F782FA96
:10957000002840F01D81304639460022894BF7F71C
:1095800051FA18B1119BD90700F11281109B002BE1
:10959000C0F229813022109B0133434408F8012B8B
:1095A0004345FBD11B1B12930F9B23F02008DCE6E5
:1095B000EA0700F1E1802A9B269A1B1B1293D31C19
:1095C000109201DB91451BDA0F9B023B0F93531E58
:1095D000269300209DF83C10DCE62D224FF0000978
:1095E0008DF89320FEF78ABE2A9BB342BFF4BBAE30
:1095F00030215A1C2A9219702A9B9E42F9D8B2E651
:10960000129B934200F3C080EE0740F16381169BEA
:10961000D718680502D5002A00F33481089B079308
:1096200067230F9327EAE77308930023139311939B
:10963000FCE62CAADDE90B0103F0DEFB00287EF43A
:109640008CAD2E9E0DF1BC0BFFF750BA59460B980E
:109650002CAA109303F0D0FB00287EF47EAD9AF87C
:1096600000102E98109B2FAA0E449DE478238DF8AD
:10967000953030238DF89430079BB9F1630F43F098
:10968000020500F3DE8000233FAC0D93079B43F4FB
:1096900081730893159B002B22DB00231D93DDE9CA
:1096A0001423CDE920230F9B612B7FF475ABDDE9FB
:1096B000200126AA03F0EAFA00224FF07F53F6F7C2
:1096C00049FF0022002306460F46F7F7ABF90028B2
:1096D00040F0CA80344B079307E70023079D0D93A2
:1096E0002D21DDE9142303F1004320921D912193E4
:1096F000D9E72CAADDE90B0103F07EFB00287EF4FC
:109700002CAD269C2E9D0DF1BC0BFFF713BA4F46D6
:10971000CDF82090CDE9100081469DF893200E965B
:109720001390FEF7E8BD5823A1E72CAADDE90B0151
:1097300003F062FB00287EF410AD269C129B2E9D48
:109740000DF1BC0B1C1BFFF70DBA109A05F00103BD
:10975000002A43EA090340F3FC80002B40F0E38039
:109760006623109F0F936A0500F18E80089B079374
:1097700027EAE773089358E74FF04708E619E8E54A
:10978000DFF82880FFF785B9129B169A9F18109B67
:10979000002B40F3D18067230F93E4E730200108CA
:1097A000000030400000E03F1C200108602001085C
:1097B000129B079A2A93D17B18F8013C42468B42B0
:1097C00009D1302002F8010C2A9A531E2A9312F86C
:1097D000013C9942F6D0392B0BBF079B01339B7A92
:1097E000DBB202F8013C4346DCE6714E01333944FA
:1097F000072BCDE92D31CBF80060CBF804707FF753
:109800009FA8DDE90B012CAA03F0F6FA00287EF4EC
:10981000A4ACDDE92D310DF1BC0BFFF793B80028A6
:1098200040F0878030228DF8A2200DF1A302303362
:1098300002F8013B28ABD31A1A93E2E55C4EFEF71F
:10984000FDBF0B9809F10101FDF746FF0446002812
:1098500000F0A2800D9019E70C230B9A13604FF0D3
:10986000FF330A93FEF784BC0123524A0F992693D3
:10987000514B612918BF1A46079236E6EB077FF570
:10988000C9ADC5E567230F9319990B78FF2B00F03D
:109890008B800025109A284603E001300131FF2B10
:1098A00008D0934206DAD21A4B78002BF5D10B7808
:1098B0000135F4E71991119013951092089B119AB4
:1098C0000793139B13441C9A02FB037727EAE77361
:1098D0000893ABE517469CE6159B0021002BB8BF0B
:1098E0002D224FF00307079BA8BF9DF8932023F07C
:1098F00080030793314C324BB8BF8DF893200D9104
:109900000897FEF7F0BC2A4DFFF785BB0022DDE982
:1099100020010023F7F786F800287FF418ADC7F17F
:109920000107269714E5169BD71866234F440F931B
:1099300019E70DF1A2027AE7C3F101031F4467237F
:10994000089A0F9327EAE773079208936DE6702150
:109950001FE543B9089B01270793662308970F93D8
:1099600063E6134E82E4089B0793169B5F1C6623F5
:109970004F440F9327EAE773089356E60E9B9AF835
:109980000150924653F8042B0E9342EAE279FEF717
:109990003BBB02231A9334E50C998B8943F04002B8
:1099A00013468A81FEF7E1BB00231393119385E7E9
:1099B000502001081C200108302001081420010853
:1099C000182001082DE9F04FD9B01C4693460991A3
:1099D00005460A9002F0D4FA02680E9410461792D7
:1099E000FEF742FA16901DB1AB6B002B00F04B82D4
:1099F000099B5A6EB3F90C30D00702D4990540F197
:109A0000BC861A0740F1BF80099A1269002A00F04B
:109A1000BA8003F01A020A2A00F0C480002300244E
:109A20009E46CDE92D330023CDE914345C462378DE
:109A30002FAA9246CDE919EECDE91BEE2C92CDF876
:109A400060E0CDF830E0CDF848E0002B00F06A810E
:109A5000A34604E01BF8013F002B00F0B880252B43
:109A6000F8D1BBEB040540F0B6809BF80030002B2A
:109A700000F0588100234FF0FF399BF801508DF81A
:109A800093300BF1010B0B9307930BF1010BA5F135
:109A900020035A2B00F2D380DFE813F00903D10032
:109AA000D1000203D100D100D100DF02D100D100EA
:109AB0006A00AF02D1005D02C602D100B5025B00B0
:109AC0005B005B005B005B005B005B005B005B00BE
:109AD000D100D100D100D100D100D100D1004B0183
:109AE000D100000250034B014B014B01D100D100CA
:109AF000D100D1004903D100D1001403D100D1001D
:109B0000D1000E02D1003603D100D1002707D100C9
:109B1000D100D100D100D100D100D100D1004B0142
:109B2000D100000235024B014B014B012C033502E1
:109B3000F901D1006A03D100A00224076402F901EF
:109B4000D1000E0272002107D100D1004C07D100D4
:109B500072000022A5F130031BF8015B02EB8202C8
:109B600003EB4202A5F13003092BF5D90B928EE7E6
:109B70000E9B53F8042B002A0B920E93C0F2E8813F
:109B80009BF8005081E7099D0A98294601F0D0FC16
:109B9000002841F04783B5F90C3003F01A020A2A75
:109BA0007FF43CAF0999B1F90E20002AFFF636AFD9
:109BB0004A6ED60702D49D0541F18881DDE909107E
:109BC00023465A4659B0BDE8F04F01F071BCBBEBDB
:109BD000040500F0A7802D9B2E9E01332E44072BF9
:109BE000CAE900452E962D9305DC0AF1080A0C9B64
:109BF0002B440C9339E72CAADDE9091003F084F912
:109C000078B90DF1BC0AF2E72CAADDE9091003F0DE
:109C10007BF9002877D00D9B1BB119460A9801F0FB
:109C200017FF099B5A6EB3F90C30D40740F121811C
:109C3000590601F103830C9859B0BDE8F08F0F95D8
:109C4000002D6FD0002201278DF8FC5008973FAC03
:109C50008DF893209146CDE910220D921392079B27
:109C600013F0020302D0089902310891079911F00C
:109C7000840505D10B9908980E1A002E00F3A180D7
:109C8000002A40F0E3802E9E7BB10223CAF8043004
:109C90002D9B0236013325AA072B2E962D93CAF849
:109CA000002000F323840AF1080A802D00F0F982D5
:109CB000A9EB0708B8F1000F00F34383079BDD050C
:109CC00000F160822D9BBD190133072BCAF80040BB
:109CD000CAF804702E952D9300F392830AF1080AB6
:109CE000079B5E0705D50B9B089A9C1A002C00F376
:109CF0000A84DDE90B2308998A42ACBF9B185B18E4
:109D00000C93002D80D100232D930D9B1BB10D9939
:109D10000A9801F09DFE5C460DF1BC0A2378002BE9
:109D20007FF496AE2E9B002B41F0418200232D93B1
:109D300077E70E9B0F95073323F00703F3E80256EE
:109D40000E9326F000431F931E95DDE91E784FF019
:109D5000FF3238464146AF4BCDE91456F6F794FE34
:109D6000002840F063854FF0FF3238464146A94B4A
:109D7000F6F76CFE002840F05985002200232846A3
:109D80003146F6F759FE002840F045879DF89320AC
:109D900000210327079BA04C23F0800307939F4BD0
:109DA0000D9108970F9889464728C8BF1C46CDE9F2
:109DB00010111391002A3FF452AF089B013308930E
:109DC0004DE7102EDFF85882DDE92D212CDD1D93A3
:109DD00043465046B846A24622951F460A9D099C16
:109DE00004E0103E102E00F1080016DD10230132B1
:109DF0001031072ACDE92D2107604360F1DD2146AE
:109E000028462CAA03F080F800287FF404AFDDE98F
:109E10002D21103E102E2FA8E8DC544682463846ED
:109E2000474680461D9B229D01323144072ACAF8CD
:109E30000080CAF804602E912D9200F33A869DF8B6
:109E400093200AF1080A002A3FF41DAF01222E9E3A
:109E5000CAF8042016442D9A0DF193010132072A05
:109E60002E962D92CAF8001000F331830AF1080AE9
:109E70000AE798053FF5DCAE099CA06D04F04EFAA8
:109E8000B4F90C30D4E60A9801F00EFDB0E5079B5A
:109E90009BF8005043F020030793F6E500220127CA
:109EA0000E9B0F9553F8041B08973FAC8DF8932039
:109EB0008DF8FC100E93CDE600270E9E0F9556F8F8
:109EC000044B8DF89370002C00F06385B9F1FF3FCF
:109ED00000F024864A463946204602F0B7F80D9035
:109EE000002801F05881B9460D9BCDE910991F1B40
:109EF00027EAE7739DF893200E960893CDF83490E7
:109F0000CDF84C9056E7079B0F959C0640F11F81BA
:109F10000E9B073323F007031846596850F8083B97
:109F20000A460E900029C0F21F84B9F1FF3F00F0ED
:109F3000C082079921F0800753EA020140F0BA82FB
:109F4000B9F1000F40F0BB8207974F4658AC37E09D
:109F50000B9B5B420B93079B9BF8005043F0040361
:109F6000079392E5079B0E9A43F0020747F63003EA
:109F70007820ADF8943052F8043B02210E92002272
:109F80000F90284818900020B9F1FF3F8DF89300FA
:109F900000F0568127F08000079053EA020040F05D
:109FA0004E81B9F1000F40F0A1850029CDD117F005
:109FB00001071DBF30230DF25F148DF85F3158ACDF
:109FC000B9454FF000034A46B8BF3A46CDE91033D1
:109FD00008920D939DF893201393EBE6079B980648
:109FE00040F112840E9B0C9A1B681A60D2175A60BB
:109FF0000E9B5C4604330E9390E62B239BF8005097
:10A000008DF8933041E5079B9BF8005043F08003A7
:10A0100007933AE5FFFFEF7F0C20010810200108AD
:10A02000802001081C2001085A4612F8015B2A2DE5
:10A0300001F01A82A5F13003092B93464FF0000975
:10A040003FF625AD1BF8015B09EB890903EB4909D4
:10A05000A5F13003092BF5D919E50A9D284601F031
:10A060008FFF436818461B93FDF7FEFE0346284604
:10A070001C931D4601F084FF83681993002D3FF463
:10A080007FAD199B9BF80050002B3FF4FEAC1B7872
:10A09000002B3FF4FAAC079B43F480630793F4E48E
:10A0A000079B9BF8005043F001030793EDE49DF8F4
:10A0B00093309BF80050002B7FF4E7AC20238DF801
:10A0C0009330E2E4079B0F9543F010030793079B3F
:10A0D00013F0200200F037830E9B073323F00703B1
:10A0E00019465A6851F8083B0E91079921F4806788
:10A0F000002148E79BF80050079B682D00F0408442
:10A1000043F040030793C0E4079B0F9543F010070B
:10A1100017F0200200F009830E9B0121073323F082
:10A12000070318465A6850F8083B0E902BE7079B28
:10A130009BF8005043F008030793A6E4079B0F9594
:10A1400043F010030793079B9C063FF5E1AE0E9A80
:10A1500052F8043B0E92079AD00600F14B83079AFF
:10A16000510640F1438343F3C03211461BB2D9E696
:10A170009BF80050079B6C2D00F0ED8343F010031B
:10A18000079382E40F9B652B40F34A81DDE91401BC
:10A1900000220023F6F746FC002800F0F28101239C
:10A1A000CAF804302D9B9C4A01330136072B2E96AA
:10A1B0002D93CAF8002000F38C840AF1080A269B2C
:10A1C000129A934204DB079BD80701D4354687E5F2
:10A1D000169B179A9D19CAE900232D9B2E950133D2
:10A1E000072B2D9300F3C0830AF1080A129B5C1E13
:10A1F000002C7FF775AD102C2D9B40F37C84DDE99E
:10A2000009981027854E05E00AF1080A103C102C29
:10A2100040F3728401331035072BCAE90067CDE99A
:10A220002D35F1DD494640462CAA02F06DFE00288E
:10A230007FF4F1ACDDE92D350DF1BC0AE6E7079FAF
:10A24000012900F03781022958AC10D1189803F089
:10A250000F01415C1B0943EA0273120904F8011D56
:10A2600053EA0201F3D158AB07971F1BA8E603F08E
:10A270000701DB0843EA4273D208303153EA020592
:10A28000204604F8011DF2D1FE07ECD53029EAD0B2
:10A290003023023804F8013C58AB079704461F1AD4
:10A2A0008EE60B9B089AA3EB0208B8F1000F7FF72C
:10A2B000FFACB8F1100F32462D9B41F31C80574E76
:10A2C00050461D97A2463746102519460A9C099EFE
:10A2D00006E0A8F11008B8F1100F00F1080017DD32
:10A2E000013110320729C0E90075CDE92D12F0DDEA
:10A2F000314620462CAA02F007FE00287FF48BACE2
:10A30000DDE92D12A8F11008B8F1100F2FA8E7DC35
:10A3100054460B4682463E461D9F0133CAF80060F4
:10A32000072B08EB0206CDE92D36CAF8048000F3AE
:10A330000583A9EB0708B8F1000F0AF1080A7FF7B7
:10A34000BDACB8F1100F32462D9B344E2CDD51467A
:10A350004FF01009C2460A9DB0462646099C06E009
:10A36000AAF1100ABAF1100F01F1080118DD01334A
:10A370002A481032072BC1E90009CDE92D32EFDD63
:10A38000214628462CAA02F0BFFD00287FF443ACEA
:10A39000DDE92D32AAF1100ABAF1100F2FA9E6DC7F
:10A3A00034464646D0468A460133CAF80060072B39
:10A3B00008EB0206CDE92D36CAF8048000F3A88127
:10A3C0000AF1080A7AE4169B17985919CAE900039A
:10A3D0002D9B2E910133072B2D9300F368850AF1F5
:10A3E000080A002AC0F23C87129A01335518072B3D
:10A3F000CDE92D35CAF80040CAF804207FF76EACCD
:10A40000DDE909102CAA02F07FFD00287FF403ACDF
:10A410002E9D0DF1BC0A63E44C2001087020010858
:10A42000129B0AF10807012B40F32A810123CAF885
:10A4300004302D9B01360133072BCAF800402E96BD
:10A440002D9300F3C682169A03F10108179B951904
:10A45000B8F1070FC7E90032CDE92D8500F3C582B9
:10A460000837129B0022DDE9140103F1FF390023B4
:10A47000F6F7D8FA002840F0238108F101080134EA
:10A480004D44B8F1070FCDE92D853C60C7F8049025
:10A4900000F30A8108371A9A08F1010315447A601B
:10A4A000072B28AACDE92D353A60A9DC07F1080A67
:10A4B00016E4079F0A2B72F1000180F0A28230336C
:10A4C00007978DF85F3101270DF25F1478E52CAA0C
:10A4D000DDE909101D9302F017FD00287FF49BAB06
:10A4E0002E9E1D9B0DF1BC0AFFF7CEBB2CAADDE909
:10A4F000091002F009FD00287FF48DAB2E9E0DF1AE
:10A50000BC0AFFF7D2BB102C2D9B40F3A086DFF8CE
:10A51000EC8210274646DDF82490DDF8288004E020
:10A52000103C102C0AF1080A16DD01331035072BF8
:10A53000CAE90067CDE92D35F2DD494640462CAA2F
:10A5400002F0E2FC00287FF466ABDDE92D35103C1B
:10A55000102C0DF1BC0AE8DCB04601332544072B72
:10A56000CAE90084CDE92D357FF7C3ABDDE90910D9
:10A570002CAA02F0C9FC00287FF44DAB2E9DFFF7FA
:10A58000B8BB269A002A40F30081109F129B9F427D
:10A59000A8BF1F46E318002F0F930BDD2D9B3E44F1
:10A5A0000133072BCAE900472E962D9300F3C68589
:10A5B0000AF1080A109D002FA8BFED1B002D00F323
:10A5C000C082079BDDF840905905A14400F1E0846A
:10A5D000269C129B9C4203DB079AD20740F1BB8367
:10A5E000169B179A9D19CAE900232D9B2E950133BE
:10A5F000072B2D9300F3C1850AF1080A129B1C1B3F
:10A600000F9BA3EB0907A742A8BF2746002F0DDD2C
:10A610002D9B3D440133072BCAF80090CAF8047003
:10A620002E952D9300F3CD850AF1080A002FA8BFBF
:10A63000E41B002C7FF754AB102C2D9B40F35B8266
:10A64000DDE9099810276E4E05E00AF1080A103C72
:10A65000102C40F3518201331035072BCAE90067F3
:10A66000CDE92D35F1DD494640462CAA02F04CFCDF
:10A6700000287FF4D0AADDE92D350DF1BC0AE6E70C
:10A68000079BDB073FF5D2AE0123CAF804302D9BB0
:10A69000751C03F10108B8F1070FCAF800402E95A8
:10A6A000CDF8B4807FF7F7AEDDE909102CAA02F0EF
:10A6B0002BFC00287FF4AFAADDE92D852FAFEAE659
:10A6C000129B012B7FF7E7AE112B40F3BF86434669
:10A6D000DDE909A810244A4E06E00837A9F110095F
:10A6E000B9F1100F40F3508201331035072BC7E941
:10A6F0000064CDE92D35F0DD514640462CAA02F02C
:10A7000003FC00287FF487AADDE92D352FAFE5E7AC
:10A710002CAADDE9091002F0F7FB00287FF47BAAE0
:10A720002E9E0DF1BC0AFFF7C9BA0E9951F8043BF1
:10A730000E9117F0100156D117F040004ED00A4686
:10A740009BB201211FE40E9951F8043B0E91079929
:10A7500011F010017FF4C9AC079A12F0400000F02C
:10A7600021820A469BB2C0E45B424FF02D004FF0BD
:10A770000101079F62EB420206E4099DA86D03F008
:10A78000C7FDB5F90C30FFF73CB90123CAF8043016
:10A790002D9B1C490133751C072B2E952D93CAF850
:10A7A000001000F399840AF1080A002A7FF40BAE26
:10A7B000079B129A03F0010313433FF491AA169BDF
:10A7C000179A5919CAE900232D9B2E910133072BA3
:10A7D0002D9300F36C830AF1080A05E617F4007262
:10A7E0001CBF0246DBB20121FFF7CDBB079A9205E1
:10A7F00000F1BA82DA171146FFF794BB80200108F6
:10A80000702001084C200108079BD90600F18081C7
:10A81000079B5A0600F1AE82079B9B0540F17881A9
:10A820000E9B0C9A1B681A70FFF7E2BBDDE914015E
:10A8300002460B46F6F728F9002840F0C3850F9B27
:10A84000612B00F09884412B00F09A82B9F1FF3F10
:10A8500000F08A850F9B23F02003472B04D1B9F128
:10A86000000F08BF4FF00109DDE91412079D002A0F
:10A8700045F480700890C0F255840023CDE9201281
:10A880001D930D930F9B413B252B00F2C981DFE8FF
:10A8900013F03603C701C701C7012F033303C701F4
:10A8A000C701C701C701C701C701C701C701C70168
:10A8B000C701C701C701C701C701C701C701C70158
:10A8C000C701C701C701C701C701C701C701C70148
:10A8D000C701C701C701C701C7012F033303079F82
:10A8E0000F9515E40F95FFF7F2BBBE4B0F9518932C
:10A8F000079B13F020025CD00E9B073323F0070365
:10A9000019465A6851F8083B0E910798C7070BD5AE
:10A9100053EA020108D00F998DF8951040F002011A
:10A92000079130218DF89410079921F48067022156
:10A93000FFF729BBAC4B0F951893D9E72CAADDE99B
:10A94000091002F0E1FA00287FF465A92E9E0DF1AE
:10A95000BC0AFFF7ADB943F020039BF80150079301
:10A960000BF1010BFFF791B82CAADDE9091002F0F9
:10A97000CBFA00287FF44FA92E9D0DF1BC0A35E4D7
:10A9800043F400739BF8015007930BF1010BFFF7A1
:10A990007CB84F46062FA14628BF062722460D94B5
:10A9A000CDE91099914C08970E96CDF84C90FFF791
:10A9B00001BA0E9951F8043B0E91079911F010015C
:10A9C000A3D1079A12F0400000F0F4800A469BB22F
:10A9D0009BE72CAADDE9091002F096FA00287FF423
:10A9E0001AA9DDE92D362FAF2DE52CAADDE90910D6
:10A9F00002F08AFA00287FF40EA9DDE92D852FAF39
:10AA00002FE5CDF834904FF0000ECDE907B7DFF811
:10AA1000E081DDF864900DF5B07C07F4806606E017
:10AA20000A2B72F1000237D33B462A46A4469918F6
:10AA300041F10001A8FB010525F0030000EB9500A2
:10AA40004FF0CC35091A581A05FB00F562F1000BDE
:10AA5000A0FB087008FB0B550544052007F0010B0F
:10AA6000ABFB000B40187F08303047EAC5770EF18A
:10AA7000010E0CF1FF340CF8010C6D08002ECFD044
:10AA800099F800108E45CBD1BEF1FF0FC8D00A2B2C
:10AA900072F1000280F0B080DDE907B758ABCDF865
:10AAA00064900797DDF83490CDF848E01F1BFFF75E
:10AAB00087BA2CAADDE909101D9302F025FA0028B7
:10AAC0007FF4A9A89DF893201D9B0DF1BC0AFFF708
:10AAD000D7B82CAADDE9091002F016FA00287FF495
:10AAE0009AA82E9E0DF1BC0AFFF769BB0129079FAA
:10AAF0007FF4A9ABE3E43F4E01332544072BCAF8AA
:10AB00000060CAF80440CDE92D357FF7E7A877E467
:10AB10000E9B0C9A1B681A60FFF76ABA20460E96C5
:10AB2000FDF7A2F9B94620EAE0730746CDE910998E
:10AB30009DF89320CDF83490CDF84C900893FFF712
:10AB400039B9102D32462D9B3BDDDDE909981027E0
:10AB5000284E04E00AF1080A103D102D32DD0133C1
:10AB60001032072BCAE90067CDE92D32F2DD4946E4
:10AB700040462CAA02F0C8F900287FF44CA8DDE971
:10AB80002D320DF1BC0AE7E7984608F101084D4463
:10AB9000B8F1070FCDE92D853E60C7F804907FF727
:10ABA00079AC81E5079A12F400721CBF0246DBB251
:10ABB000FFF79BBA079A12F400721CBF0246DBB281
:10ABC000A3E60C4E0133CAF80060072B05EB020622
:10ABD000CDE92D36CAF8045000F37D810AF1080A48
:10ABE000EFE400BF302001081C20010844200108C8
:10ABF000CDCCCCCC702001081C9B1B99E41A1A46C2
:10AC0000204602F0C3F899F801300BB109F10109AF
:10AC10004FF0000E08E72D228DF89320FFF7B8B80B
:10AC20004F460223CDE900372AAB049327AB0393A9
:10AC300026AB02930A98DDE92023F6F75DFD0F9B12
:10AC40000446672B00F071810F9B472B00F06D814C
:10AC50000F9BC61923F02008B8F1460F05D10378E1
:10AC6000302B00F0D383269F3E440022DDE92001F3
:10AC70000023F5F7D7FE002800F0748133461B1B34
:10AC80001293269AB8F1470F109200F05581B8F14F
:10AC9000460F00F0B8820F99531E6129269300F0E9
:10ACA000D383412940F0538150210120002BAEBFB6
:10ACB0002B22C2F101032D22092B8DF8A0108DF853
:10ACC000A12040F309830DF1AF073A46DFF8ACC28B
:10ACD0001E461046ACFB0321C90801EB8102A3EB21
:10ACE00042023032632E00F8012C0B4600F1FF3295
:10ACF000EEDC303302F8013C831EBB4280F0BF83A0
:10AD00000DF1A10213F8011BBB4202F8011FF9D19A
:10AD100058AB181AA0F1AD031A93129B1A9A012B83
:10AD200003EB020740F31283169B1F4425F4806354
:10AD300043F4807307930023CDE9103327EAE772C9
:10AD4000139308921D9B002B40F0058199469DF8B6
:10AD50009320FFF72FB80F9A1C1BA2EB0907A742FD
:10AD60003546A8BF274661E443F3C01211465BB2E3
:10AD7000FFF7D8B80E9B0C9A1B681A80FFF738B9FA
:10AD800058238DF8953030238DF89430079BB9F116
:10AD9000630F43F0020500F3B18200233FAC0D9333
:10ADA000079B43F481730893159B002BC0F2BD8170
:10ADB00000231D93DDE91423CDE920230F9B612B94
:10ADC0007FF460ADDDE9200126AA01F05FFF0022DB
:10ADD0004FF07F53F5F7BEFB0022002306460F46D7
:10ADE000F5F720FE002840F0B582654B079309F186
:10ADF000FF33CDE912B91195A0461D46DDF81CB010
:10AE0000CDF888A0239405E000220023F5F70AFE80
:10AE1000F0B94D4600225B4B30463946F5F79AFBB8
:10AE20000F460646F5F746FE0446F5F729FB0B46A6
:10AE3000024639463046F5F7D5F91BF80430C246CC
:10AE400008F8013B6B1C06460F4605F1FF39DBD1C4
:10AE50000022304639464C4B1095DDF84C90DDE928
:10AE6000115BCDE9114ADDE922A4F5F703FE0028C4
:10AE700040F04F82304639460022434BF5F7D2FD71
:10AE800018B1119BD90700F14482109B002BC0F22E
:10AE90005B823022109B0133434408F8012B434569
:10AEA000FBD11B1B12930F9B23F02008E9E62CAA71
:10AEB000DDE9091002F028F800287EF4ACAEDDE9E7
:10AEC0002D31269A0DF1BC0AFFF78BBA886D03F07D
:10AED00025FAFEF773BE2CAADDE9091002F014F87A
:10AEE00000287EF498AE2E9E0DF1BC0AFFF769BBD8
:10AEF000022309F1010795E64F46032392E626AAAD
:10AF0000DDE9200101F0C2FE00224FF07F53F5F78A
:10AF100021FB0022002306460F46F5F783FD00289B
:10AF200040F01882194B079361E7EA0700F18B8123
:10AF30002A9B269A1B1B1293D31C109202DB91456D
:10AF400080F2D8800F9B023B0F93531E2693002064
:10AF50009DF83C10AAE62D224FF000098DF89320B1
:10AF6000FEF72BBF2A9BB342BFF489AE30215A1C97
:10AF70002A9219702A9B9E42F9D880E6CDCCCCCC7F
:10AF80001C200108000030400000E03F3020010894
:10AF9000119952463046CDF874B04E464FF0100825
:10AFA000AD4FDDF864B01C9BDDF824A0DDF84C90BB
:10AFB00071B3B9F1000F7AD009F1FF391B99184428
:10AFC000C2E900132D992E90013107292D9161DCE2
:10AFD00008320F9C9BF80010A51B8D42A8BF0D46A0
:10AFE000002D0BDD2D99284401310729C2E90065A8
:10AFF0002E902D9161DC9BF800100832002DB4BF1B
:10B000000C464C1B002C13DC0E4411990029D0D1A6
:10B01000B9F1000FD0D1B1460F9BCDF864B099457E
:10B020009246064628BF9946DDF874B0FFF7D0BABD
:10B03000102C2D9940F3DD810A9D1093139704E0A5
:10B04000103C102C02F1080215DD013110300729E7
:10B05000C2E90078CDE92D10F2DD514628462CAA30
:10B0600001F052FF00287EF4D6ADDDE92D10103C32
:10B07000102C2FAAE9DC109B139D013120440729D5
:10B08000CDE92D101560546065DC9BF80010083286
:10B090000E44BAE751460A982CAA109301F034FFE7
:10B0A00000287EF4B8AD2E98109B2FAA91E7119935
:10B0B0000BF1FF3B0139119180E751460A982CAA08
:10B0C000109301F021FF00287EF4A5AD9BF800103D
:10B0D0002E98109B2FAA91E72CAADDE9091001F008
:10B0E00013FF00287EF497AD269A2E9D0DF1BC0A21
:10B0F000FFF75BBB129B934273DCEE0740F1388194
:10B10000169BD7186D0502D5002A00F33381089BE2
:10B11000079367230F9327EAE7730893002313939A
:10B1200011930FE60023079D0D932D21DDE91423D4
:10B1300003F1004320921D9121933FE62CAADDE903
:10B14000091001F0E1FE00287EF465AD2E9E0DF1A0
:10B15000BC0AFFF72FBA51460A982CAA109301F0A7
:10B16000D3FE00287EF457AD9BF800102E98109B5C
:10B170002FAA0E4449E7782303E62CAADDE909103B
:10B1800001F0C2FE00287EF446AD269C2E9D0DF1F6
:10B19000BC0AFFF733BA4F46CDF82090CDE9100036
:10B1A00081469DF893200E961390FEF703BE2CAABD
:10B1B000DDE9091001F0A8FE00283EF4B7ADFEF766
:10B1C00030BD2CAADDE9091001F09EFE00287EF4B6
:10B1D00022AD269C129B2E9D0DF1BC0A1C1BFFF775
:10B1E00025BA129B169A9F18109B002B40F30381DF
:10B1F00067230F936A0500F1BF80089B079327EA36
:10B20000E77308938AE7109A05F00103002A43EADE
:10B21000090340F31181002B40F008816623109F41
:10B220000F93E7E7099B5B6EDB0707D4099B9B89BC
:10B230009F0503D4099B986D03F070F84FF0FF331E
:10B240000C93FEF7F8BC4FF04708E6190DE5DFF860
:10B250000C80FFF782B900BF702001088020010830
:10B26000574210321EDADDE9099810258B4E04E0B2
:10B270000AF1080A103F102F15DD01331031072B9A
:10B28000CAE90065CDE92D31F2DD494640462CAAD8
:10B2900001F03AFE00287EF4BEACDDE92D310DF15F
:10B2A000BC0AE7E77D4E01333944072BCDE92D3148
:10B2B000CAF80060CAF804707FF78DAADDE90910AA
:10B2C0002CAA01F021FE00287EF4A5ACDDE92D3189
:10B2D0000DF1BC0AFFF788B8002840F0A4803022A6
:10B2E0008DF8A2200DF1A302303302F8013B28AB08
:10B2F000D31A1A9311E5694EFFF70FB80A9809F1AE
:10B300000101FCF7E9F90446002800F0BB800D902C
:10B3100046E5129B079A2A93D17B18F8013C4246D6
:10B32000994209D1302002F8010C2A9A531E2A931F
:10B3300012F8013C9942F6D0392B0BBF079B013321
:10B340009B7ADBB202F8013C4346AAE5EB077FF5A6
:10B35000EDACE9E40123524A0F992693514B612940
:10B3600018BF1A46079242E54FF00609FFF77CBA6C
:10B370001746C7E667230F9319990B78FF2B00F048
:10B3800088800025109A284603E001300131FF2B08
:10B3900008D0934206DAD21A4B78002BF5D10B78FD
:10B3A0000135F4E71092199111901395089B139AA7
:10B3B0000793119B13441C9A02FB037727EAE77358
:10B3C0000893BFE4159B0021002BB8BF2D224FF03E
:10B3D0000307079BA8BF9DF8932023F080030793E2
:10B3E000314C324BB8BF8DF893200D910897FEF782
:10B3F000D9BC2A4D41E6C3F101031F446723089AD3
:10B400000F9327EAE7730792089387E60022DDE9A6
:10B4100020010023F5F706FB00287FF424ACC7F1D8
:10B420000107269720E40DF1A2025DE7169BD718CD
:10B4300066234F440F93DDE65BB9089B0127079312
:10B44000662308970F9369E670212EE4134EFFF7E9
:10B450009CBB089B0793169B5F1C66234F440F936E
:10B4600027EAE773089359E60E9B9BF80150934631
:10B4700053F8042B0E9342EAE279FEF706BB02234F
:10B480001A934AE4099A938943F040039381FEF7A3
:10B49000C8BB00231393119388E700BF70200108F5
:10B4A0001C20010830200108142001081820010880
:10B4B000F0B50026ADF26C4D1AAD4FF480641F4616
:10B4C000009504950696154606468B8916A823F026
:10B4D0000203ADF80C304B6E05941993CB8902949E
:10B4E000ADF80E30CB690C4607934B6A099302F016
:10B4F00003FF2A463B4669463046FEF763FA051EBF
:10B5000007DB6946304600F09BF9002818BF4FF072
:10B51000FF35BDF80C305B0603D5A38943F040032B
:10B52000A381169802F0F2FE28460DF26C4DF0BD94
:10B5300038B52F4B05461B680C460BB19A6B02B30E
:10B54000B4F90C30180723D522695AB313F001015E
:10B5500007D000206169A0604942A1613AB1002092
:10B5600038BD980758BF6169A160002AF7D1190654
:10B5700058BF1046F4D543F040034FF0FF30A3818D
:10B5800038BD184600F090F9B4F90C301807DBD438
:10B59000D90628D55A0712D4226943F00803A3819B
:10B5A000002AD3D103F42071B1F5007FCED021461B
:10B5B000284600F0E9FCB4F90C302269C6E7216B9B
:10B5C00051B104F14002914204D0284600F040FA03
:10B5D000B4F90C30002222630021226923F02403F5
:10B5E000C4E90021D9E7092243F040032A60C4E7F7
:10B5F000840700202DE9F04F03690C6985B0A34250
:10B60000C0F291808146013C01F1140509F1140852
:10B6100055F8243058F824C001339C45BCFBF3F6A0
:10B620004FEA840005EB840708EB840243D34FF014
:10B63000000CAA46CDE90105C64663466546934619
:10B64000CDF80C805AF8040BDEF800201FFA80FCBD
:10B6500006FB0C554FEA10484FEA154C06FB08CC88
:10B66000ADB290B2401B18441FFA8CF3C3EB2043D9
:10B6700003EB124380B240EA034057454EF8040BF7
:10B680004FEA1C454FEA2343DCD2DDE90105DDF832
:10B690000C8058F8003073B9ABF10402904504D324
:10B6A00007E0904504F1FF3403D252F80439002B2F
:10B6B000F7D0C9F81040484601F014F800282EDBF6
:10B6C0004146002255F8040BD1F800C01FFA80FE55
:10B6D0001FFA8CF3A3EB0E031344020CC2EB2342BC
:10B6E00002EB1C429BB243EA0243AF4241F8043BE7
:10B6F0004FEA2242E6D258F8242008EB84036AB9C4
:10B70000043B984504D307E0984504F1FF3403D285
:10B7100053F80429002AF7D0C9F810400136304602
:10B7200005B0BDE8F08F002005B0BDE8F08F00BF88
:10B73000F8B5B1F90C30074618070C4639D44A68F9
:10B74000002A53DDA56A002D31D000223E683A6000
:10B7500013F48052E16955D101233846A847411CB2
:10B7600002465ED0B4F90C30A56AE1695B0705D5E5
:10B770006368D21A236B0BB1E36BD21A00233846ED
:10B78000A847451C40D00022236962602360A3893A
:10B79000D90400D52065216B3E6041B104F140031E
:10B7A000994202D0384600F053F900232363002069
:10B7B000F8BD0E69002EFAD09B0718BF00230D6854
:10B7C00008BF4B690E60AD1B8B600CE02B46324608
:10B7D000D4F824C03846E169E047B0F1000CA5EB8D
:10B7E0000C05664406DD002DF0DCE0E7CA6B002A9C
:10B7F000A8DCDCE7B4F90C3043F040034FF0FF3035
:10B80000A381F8BD226DB1E73A68B4F90C308AB172
:10B810001D2A01D0162AEFD100232269C4E9002392
:10B82000B9E73B68002B9DD01D2B01D0162BE1D131
:10B830003E60BCE7626022692260DA04AAD4AAE70B
:10B8400038B505460C4608B1836BA3B1B4F90C00BA
:10B85000B8B1636EDB0701D4810515D528462146B2
:10B86000FFF766FF636E0546DA0702D4A3899B05DE
:10B870000ED5284638BD00F017F8B4F90C000028A2
:10B88000E7D10546284638BDA06D02F041FDE5E749
:10B89000A06D02F043FD284638BD00BF014900F00D
:10B8A0004BBB00BF41B800082DE9F047824639483C
:10B8B00002F02EFDDAF83840002C66D10423032272
:10B8C0003549DAF80450CAF83C10DFF8D090DFF8B8
:10B8D000D080344F344E0AF5AC71CAE95421CAF80D
:10B8E0004C412146EB600822C5E90044C5E9044407
:10B8F000AC606C66AC6105F15C00FCF7A9F9C5E9C8
:10B900000759C5E90987EE6205F1580002F0F4FC19
:10B91000DAF80850254B2146EB600822C5E90044BF
:10B92000C5E90444AC606C66AC6105F15C00FCF7F1
:10B930008FF9C5E90759C5E90987EE6205F1580095
:10B9400002F0DAFCDAF80C50194B2146EB600822C1
:10B95000C5E90044C5E90444AC606C66AC6105F11E
:10B960005C00FCF775F905F15800C5E90759C5E910
:10B970000A76C5F8248002F0BFFC01230548CAF806
:10B980003830BDE8F04702F0C9BC0248BDE8F047D6
:10B9900002F0C4BC480900209DB80008FDCC000896
:10B9A00021CD000861CD000885CD00080900010007
:10B9B00012000200F8B50C46224F0646FCF798F933
:10B9C000BB685D6825F0030505F6EF73191B21F4CC
:10B9D0007F6121F00F01A1F58054B4F5805F07DB92
:10B9E00000213046FCF7ECF9BB682B44984204D0A8
:10B9F0003046FCF783F90020F8BD30466142FCF781
:10BA0000DFF901300DD0104ABB682D1B45F0010550
:10BA10005D60136830461B1B1360FCF76FF9012053
:10BA2000F8BD00213046FCF7CBF9BA68831A0F2B1A
:10BA3000DEDD43F001035360044B03491B68C01A69
:10BA40000860D5E700000020940C00207C0700204F
:10BA500000297CD0F8B50C460646FCF749F954F8A5
:10BA6000043C774FA4F1080523F001016818D7F8CA
:10BA700008C04268844522F0030200F08380DB079F
:10BA8000426000EB020C33D454F8084CDCF804306C
:10BA90002D1B2144AC6807F1080C644503F0010339
:10BAA00064D0D5F80CE0C4F80CE0CEF80840002BC8
:10BAB00000F0818041F001036B600160B1F5007F0F
:10BAC00022D20122CB0849098A40796801330A430E
:10BAD0007A6057F8331007EBC302083AC5E902123F
:10BAE00047F83350CD603046BDE8F840FCF706B962
:10BAF000DCF80430DB072BD541F00103B1F5007F02
:10BB000044F8043C0160DCD3B1F5206F4FEA5123C7
:10BB100053D28B0903F1390003F13802C300F8183E
:10BB2000FB580838984203D163E09B68984204D0E0
:10BB30005A6822F003028A42F7D8D868C5E9023071
:10BB400085603046DD60BDE8F840FCF7D7B8704747
:10BB5000114407F1080C836863453FD0C268DA607E
:10BB6000936041F001036B606950A7E7002B61D13E
:10BB70000A44D0E90213CB60996042F001036B6084
:10BB8000AA50B0E70A44D90707D454F8083CED1A84
:10BB90001A44D5E90213CB60996042F001036B604F
:10BBA000284BBD601B6893429DD8274B30461968CF
:10BBB000FFF700FF97E71144CDE7142B08D9542B6A
:10BBC0001FD80B0B03F16F0003F16E02C300A6E751
:10BBD00003F15C0003F15B02C300A0E741F0010345
:10BBE0003D617D61C5F808C0C5F80CC06B60695047
:10BBF00079E70121921001FA02F279680A437A602A
:10BC00009CE7B3F5AA7F06D8CB0B03F1780003F1CC
:10BC10007702C30083E740F25452934206D88B0C5C
:10BC200003F17D0003F17C02C30078E74FF47E73DB
:10BC30007E2274E741F001036B60016053E700BFAF
:10BC40000000002080070020C40C00209368002B17
:10BC500000F0F0802DE9F04FB1F90CC090461CF0D7
:10BC6000080F81460C4683B02BD00B694BB31CF0F8
:10BC70000207D8F8006032D04FF0000A5546D4F8D9
:10BC800024B0E169AB4FC5B1BD422B46524628BF37
:10BC90003B464846D847002840F3C280D8F80830D1
:10BCA00082441B1A2D1AC8F80830002B00F0AE8011
:10BCB000D4F824B0E169002DE6D1D6E900A5083614
:10BCC000E1E721464846FFF733FC002840F0AD800D
:10BCD000B4F90CC0D8F800601CF00207CCD11CF0FD
:10BCE000010A63D157462368A16818468B46002F86
:10BCF00058D01CF4007F00F0B180B9420A4600F22F
:10BD0000DD801CF4906F2FD0216962695D1A02EB0F
:10BD1000420202EBD2726B1C52103B44934292BF20
:10BD200093469B461A461CF4806F00F0E68011464D
:10BD30004846FBF7D1FC002800F0F5802A4621692F
:10BD40000190F4F7D5F9A289019B22F4906242F0A8
:10BD50008002A2815819C4F814B0ABEB05053A462D
:10BD6000BB462361A56020603D46002751460192F5
:10BD700000F0B8F9A1682368019AA1EB0B011A44FD
:10BD8000A1602260D8F80830AA445B1BC8F80830CC
:10BD9000002B3BD02368A16818468B46B4F90CC031
:10BDA000002FA6D1D6E900A708369EE73846BB4645
:10BDB0003D46002D40D0002845D03A46D4E904C382
:10BDC0002068AA4228BF2A466045A16804D901EB31
:10BDD000030A524500F38280934272DC5A46484679
:10BDE000E169D4F824C0E047B0F1000A18DDB7EBF0
:10BDF0000A070FD00120D8F80830D344A3EB0A0378
:10BE0000A5EB0A05C8F80830002BD2D1002003B0FA
:10BE1000BDE8F08F21464846FFF712FD0028EAD022
:10BE2000B4F90C3043F04003A3814FF0FF3003B06E
:10BE3000BDE8F08F00207047756833460836002D46
:10BE4000FAD0D3F800B02A460A21584600F0FEF88E
:10BE5000002865D00130A0EB0B07AEE722699A42BB
:10BE600014D36569BD4211D86FF00043BB4228BFAF
:10BE70003B4693FBF5F3524605FB03F34846656AE0
:10BE8000E169A847051ECBDD7F1B7BE7B94228BFD0
:10BE900039460D46184651462A4600F023F9A16856
:10BEA0002368491B2B44A16023600029ECD1214663
:10BEB0004846FFF7C5FC0028E6D0B1E7BB463A4646
:10BEC00052E759469246019200F00CF9A368019A94
:10BED0009B1AA36023681344236088E7594652469F
:10BEE00000F000F923682146534448462360FFF7D9
:10BEF000A7FC00283FF47BAF92E7484600F020FD06
:10BF0000034600287FF426AF48462169FFF7A0FDCD
:10BF10000C22B4F90C30C9F8002023F0800381E72B
:10BF20006A1C17464AE70C22B4F90C30C9F8002005
:10BF300078E700BF00FCFF7F2DE9F8434FF00009D0
:10BF40000746884600F5A676D6E90154013D10D48F
:10BF5000A389013D012B08D9B4F90E30013304D077
:10BF600021463846C04749EA00096B1C04F16804C1
:10BF7000EED13668002EE7D14846BDE8F88300BF11
:10BF80000048704778080020F0B5B1F90C300C4635
:10BF9000990797B007D5012204F14303C4E904329D
:10BFA000236017B0F0BDB4F90E10054600292EDB52
:10BFB0006A4601F04DFF002827DB019E4FF48067A1
:10BFC00006F47046A6F50056B6FA86F639462846B7
:10BFD0007609FBF781FB38B3A3891B4A43F0800342
:10BFE000EA63C4E90407A3812060002ED9D0284663
:10BFF000B4F90E1001F040FF0028D2D0A38923F03D
:10C00000030343F00103A381CBE7B4F90C3013F031
:10C01000800F0CBF4FF48067402728463946002622
:10C02000FBF75AFB0028D7D1B4F90C309A05B8D4E5
:10C03000012123F0030304F1430243F00203C4E9A6
:10C040000421A3812260ACE79DB800085FFA81FC5F
:10C05000810744D00346511E22B909E09A0709D04E
:10C06000013905D31846027801336245F6D170478D
:10C0700000207047184603290CD80029F8D0034641
:10C08000014401E08B42F3D0184613F8012B6245BE
:10C09000F8D1ECE710B50CEB0C24024604EB044499
:10C0A00002E00439032918D9104652F8043B6340D2
:10C0B000A3F1013E2EEA030313F0803FF1D051B10A
:10C0C0000346014401E08B4205D0184613F8012BCA
:10C0D0006245F8D110BD002010BD1046EFE71146B3
:10C0E000C9E700BF88420ED98B1883420BD900EBF9
:10C0F000020C002A6DD0624613F801CD994202F875
:10C1000001CDF9D170470F2A0FD8034602F1FF3C49
:10C11000002A5ED00CF1010C013B8C4411F8012B7C
:10C12000614503F8012FF9D1704740EA01039B07ED
:10C1300050D1A2F1100370B501F1200C23F00F05CE
:10C1400001F1100E00F11004AC441B095EF8105C04
:10C150000EF1100E44F8105C5EF81C5C103444F8CC
:10C160001C5C5EF8185C44F8185C5EF8145CE645EC
:10C1700044F8145CEAD1013312F00C0F01EB031107
:10C1800002F00F0400EB031328D08E46043C24F089
:10C1900003064FEA940C1E441C1F5EF8045B44F82F
:10C1A000045FB442F9D10CF1010402F0030203EB85
:10C1B000840301EB840102F1FF3C4AB10CF1010C54
:10C1C000013B8C4411F8012B614503F8012FF9D193
:10C1D00070BD7047034602F1FF3C9BE72246EAE749
:10C1E00038B5C36C05460C464BB153F8240080B1FA
:10C1F000026843F824200023C360036138BD212274
:10C20000042101F0CFFD0346E8640028EDD10020B1
:10C2100038BD0121284601FA04F56A1D920001F09B
:10C22000C1FD0028F3D0C0E90145E4E731B1C36C9A
:10C230004A6853F82200086043F82210704700BF94
:10C240002DE9F0414FF0000E0E461C460D690746E1
:10C2500001F1140001680EF1010E8BB202FB0343E1
:10C26000090C4FEA134C02FB01CC9BB203EB0C43CD
:10C27000754540F8043B4FEA1C44EBDC3CB1B36825
:10C28000AB4207DD06EB850301355C613561304665
:10C29000BDE8F081716838460131FFF7A1FF8046A3
:10C2A000A8B1326906F10C01023292000C30F3F7AA
:10C2B0001FFFFB6C726853F82210316043F8226054
:10C2C000464606EB850301355C613561DFE70246D2
:10C2D000B521024B024801F045FD00BFA020010836
:10C2E0000C210108B0F5803F03463ABF102083407F
:10C2F0000020B3F1807F3CBF1B020830B3F1805FA8
:10C300003CBF1B010430B3F1804F03D3002B06DB8D
:10C31000013070479B0003D45B0003D4202070479A
:10C3200002307047033070470368014613F007027C
:10C3300009D0DA0721D498074BBF5B089B0801207E
:10C3400002200B60704798B2A0B11046DAB20AB969
:10C3500008301B0A1A0704BF1B0904309A0704BFE0
:10C360009B080230DA0703D45B0800F1010006D015
:10C370000B6070471020C340E8E700207047202082
:10C38000704700BF38B5C36C04460D464BB15868C2
:10C39000B0B102685A60002201234561C2600361A6
:10C3A00038BD2122042101F0FDFC0346E064002891
:10C3B000EDD100224FF4A071074B084801F0D2FCE8
:10C3C0001C220121204601F0EDFC0028F1D00122C1
:10C3D000022342608360DEE7A02001080C210108EF
:10C3E0002DE9F04FD1F8108015690E46A845924608
:10C3F00085B005DB2A46534645468A4690461E468A
:10C40000DAF80830DAF8041005EB0804A342B8BFE4
:10C410000131FFF7E5FE002800F0898000F11407E4
:10C4200007EB840E774505D23B46002243F8042BE8
:10C430009E45FBD8143606EB88080AF114094645D8
:10C4400009EB850566D2A5EB0A03153B23F0030330
:10C450000AF1150A043355452CBF9B464FF0040BD7
:10C46000CDF808E08246AE46039405E0090C2AD1D7
:10C47000B04507F104074AD956F8041B8DB2002DC8
:10C48000F4D0CC463C46002301965CF8040B2168AE
:10C4900086B28AB205FB0622000C090C05FB0011CE
:10C4A0001A4401EB124192B242EA0142E64544F8D5
:10C4B000042B4FEA1143E8D8019E47F80B3056F899
:10C4C000041C090CD4D000223B6848461D463C465B
:10C4D000944602889BB201FB02C202EB154243EA7A
:10C4E000024344F8043B50F8043B25684FEA134CE0
:10C4F000ABB201FB0C33864503EB12434FEA134CFE
:10C50000E7D8B04547F80B3007F10407B4D8DDE9A8
:10C5100002E45046002C02DC05E0013C03D05EF84A
:10C52000043D002BF9D0046105B0BDE8F08F024650
:10C5300040F25D11014B024801F014FCA0200108FB
:10C540000C21010812F003032DE9F04114460746BF
:10C550002CD10E46A4101CD0BD6C85B3E3074FF060
:10C56000000806D4641014D02868A8B10546E30773
:10C57000F8D52A4631463846FFF732FF36B1FB6C14
:10C58000716853F82120326043F821606410064638
:10C59000EAD13046BDE8F0812A4629463846FFF701
:10C5A0001FFF28600546C0F80080E0E70F4A013B06
:10C5B00052F823200023FFF743FE0646CAE7012175
:10C5C0003846FFF70DFE054640B140F271230122C7
:10C5D000C0E904230023B8640360BFE702464FF4B8
:10C5E000A071034B034801F0BDFB00BF64210108AB
:10C5F000A02001080C2101082DE9F0470C4627690D
:10C60000A36807EB62177D1C9D4290460646496869
:10C610004FEA621904DD5B009D4201F10101FADC81
:10C620003046FFF7DDFD002851D0B9F1000F00F1D1
:10C6300014010FDD0B464FF0000C09F105024FEA23
:10C64000820E00EB820243F804CB9342FBD1AEF1A1
:10C6500014031944226904F1140318F01F0803EBB2
:10C66000820C2CD08E464FF0000AC8F120091A68BF
:10C6700002FA08F242EA0A024EF8042B53F8042B9D
:10C680009C4522FA09FAF2D8ACEB0403153B23F0DF
:10C690000303043304F11502944538BF042341F821
:10C6A00003A0BAF1000F00D13D46F36C626805614A
:10C6B00053F82210216043F82240BDE8F087043986
:10C6C00053F8042B9C4541F8042FF9D8ECE70246B7
:10C6D00040F2D911014B024801F044FBA0200108AF
:10C6E0000C21010884460B690069C01A15D10CF1B0
:10C6F000140C14310CEB830210B401EB830301E042
:10C70000944508D252F8044D53F8041D8C42F7D0DA
:10C7100004D24FF0FF3010BC70477047012010BCAE
:10C72000704700BF2DE9F04F13690D690C46ED1AF3
:10C73000002D904683B015D101F11407143202EB9D
:10C74000830207EB830301E09F4276D253F8046D26
:10C7500052F8041D8E42F7D006D2234601254446E6
:10C76000984601E0F9DB00256168FFF739FD0028F4
:10C7700075D000F114094F464FF0000C2669D8F827
:10C78000103004F1140B08F1140EC56004F110010F
:10C790000EEB830A0BEB8602CDF804B05EF8044B77
:10C7A00051F8045F1FFA84FBABB2A3EB0B03240C1C
:10C7B0006344C4EB154404EB23449BB243EA0443B3
:10C7C000F24547F8043B4FEA244CE7D8AAEB0805AA
:10C7D000153DAD08691C08F115088900C24538BF30
:10C7E0000421DDF804B00BEB0104A24249442FD927
:10C7F0000F462546E04655F8043B1FFA83FCC44427
:10C800004FEA134E43440EEB2C4E9BB243EA0E43C9
:10C81000AA424FEA2E4C47F8043BEBD8013A121BD0
:10C8200022F00302114423B951F8043D013E002BCC
:10C83000FAD0066103B0BDE8F08F0021FFF7D0FC0D
:10C84000A0B101220023C0E9042303B0BDE8F08FAA
:10C85000AD00C24538BF002509EB0501E3E70246FC
:10C860004FF41071054B064801F07CFA024640F285
:10C870003221024B024801F075FA00BFA0200108E6
:10C880000C210108F0B5012183B016461F46FFF7C1
:10C89000A7FC0546002847D0C7F30A54C7F3130383
:10C8A0000CB143F48013002E019314D101A8FFF7BB
:10C8B0003BFD0122019B20306B612A6114B3089B70
:10C8C000A4F2334404441C60099BC0F13500186095
:10C8D000284603B0F0BD68460096FFF725FD019B92
:10C8E00000B30099C0F1200203FA02F2C3400193A1
:10C8F0000A43002B6A610CBF01220222AB612A614C
:10C90000002CDCD105EB8201A0F2324308690899C2
:10C910000B60FFF7E7FC099BC0EB4210186028464C
:10C9200003B0F0BD009AE4E7024640F20A31024B40
:10C93000024801F017FA00BFA02001080C210108ED
:10C940002DE9F84F1646002900F096800C468046E7
:10C9500006F10B05FBF7CCF954F8041C162DA4F1D5
:10C96000080921F0030758D81025AE4258D8AF4225
:10C9700060DABF4B09EB070C9A68DCF804006245EB
:10C9800000F0908020F0010363445B68DA0768D40C
:10C9900020F003003B189D4247DDCB0712D454F82A
:10C9A000083CA9EB030BDBF8043023F0030210442E
:10C9B00000EB070A554540F3F68007EB020A5545A0
:10C9C00040F3CC8031464046FAF786FE0646002802
:10C9D00000F0218154F8043CA0F1080223F0010387
:10C9E0004B44934200F0B4803A1F242A00F2D780CF
:10C9F000132A00F2A280034622461168196051688A
:10CA0000596092689A6021464046FFF721F84046F7
:10CA1000FBF774F93046BDE8F88F35F00705A4D56B
:10CA20000C23C8F80030002618E01F46DCE902237A
:10CA3000D3609A60D9F804307A1B0F2A03F00103FF
:10CA400009EB07001DD83B43C9F80430436843F0A5
:10CA5000010343604046FBF751F926463046BDE8E6
:10CA6000F88FC907AED454F8083CA9EB030BDBF8E8
:10CA7000043023F00302A0E71146BDE8F84FFAF7AF
:10CA80002BBE2B4309EB050142F00102C9F804302B
:10CA90004A604368083143F0010343604046FEF7B3
:10CAA000D7FFD7E720F00300C21905F1100C62454B
:10CAB00080F29280CA0785D454F8082CA9EB020BA7
:10CAC000DBF8042022F00302104400EB070AD445EF
:10CAD0003FF773AF5E46DBF80C1056F8080F3A1FAD
:10CAE000242AC160886000F2B080132A40F2AB8033
:10CAF00021681B2ACBF808106168CBF80C1000F2F3
:10CB0000AA8008340BF1100221681160616851603D
:10CB1000A1689160AAEB05020BEB050142F001024E
:10CB200099604A60DBF80430404603F001032B4370
:10CB3000CBF80430FBF7E2F890E723681B2A036088
:10CB4000636843603DD804F1080200F1080354E72C
:10CB500050F8043C23F003031F446BE75E463A1F82
:10CB6000DBF80C3056F8081F242ACB60996023D8D4
:10CB7000132A1FD923681B2ACBF808306368CBF827
:10CB80000C303CD808340BF1100322681A6062683C
:10CB90005A60A2689A6034465746D9464AE7214609
:10CBA000FFF7A0FA2FE7DCE902135E46CB603A1FDD
:10CBB0009960D5E73346E8E721463046FFF792FA19
:10CBC000E9E7A368242A8360E368C36027D004F1FF
:10CBD000100200F1100310E7521B09EB050142F0AF
:10CBE000010299604A6054F8043C404603F0010396
:10CBF0002B4344F8043CFBF781F826462EE7A36854
:10CC0000242ACBF81030E368CBF8143010D010345D
:10CC10000BF11803B9E74046FBF770F803E7236907
:10CC200004F1180203616369436100F11803E4E64B
:10CC300023691834CBF8183054F8043CCBF81C3076
:10CC40000BF12003A1E732465EE721463046FFF7AD
:10CC500049FA074B5EE7A168242ACBF81010E16877
:10CC6000CBF8141006D010340BF118024CE700BFBB
:10CC70000000002022691834CBF8182054F8042C46
:10CC8000CBF81C200BF120023EE700BFF8B50027CF
:10CC9000DFF85CC021F00043634504460D46176091
:10CCA00023D8844653EA0C0C1FD0DFF848C0164640
:10CCB00001EA0C0C0A46BCF1000F09D100220E4B10
:10CCC000F3F748FC6FF0350704460A4621F00043AD
:10CCD00022F0FF421B1522F4E002A3F2FE333B4494
:10CCE00042F07F55336045F4001520462946F8BDD3
:10CCF000FFFFEF7F0000F07F0000504310B50C46AF
:10CD0000B1F90E1001F0F6F8002803DB236D03449F
:10CD1000236510BDA38923F48053A38110BD00BFF8
:10CD20002DE9F0410C46B1F90C101F46CB05054624
:10CD300016460BD421F48051A1813B463246284649
:10CD4000B4F90E10BDE8F04100F0F6BFB4F90E10D2
:10CD50000223002201F0A2F8B4F90C10EAE700BFA8
:10CD600010B50C46B1F90E1001F098F8B4F90C307A
:10CD7000421C0EBF23F4805343F480532065A381EB
:10CD800010BD00BFB1F90E1001F03CB840EA01033C
:10CD90009B0710B524D1032A22D98E468446DEF89B
:10CDA00000407146A4F1013323EA040313F0803FED
:10CDB0000EF1040E15D1043A032A4CF8044BEED8B8
:10CDC000714601F1FF3E52B163461EF8011F541E29
:10CDD00003F8011B41B122469C46002AF4D110BD44
:10CDE000844601F1FF3EEEE79444002CF7D003F8AF
:10CDF000011B6345FBD110BD2DE9F04F936883B053
:10CE0000924617680190002B76D04FF0000B0C462D
:10CE10005D468B680A6848E0B4F90CC01CF4906F5A
:10CE20002FD0D4E90403A2EB000803EB430202EB8A
:10CE3000D27208F1010152102944914292BF9146E9
:10CE400089460A461CF4806F39D011460198FAF7DA
:10CE500043FC064600283DD042462169F3F748F9D5
:10CE6000A28922F4906242F08002A28106EB0800BF
:10CE7000A9EB08022661A8462E46A2602060C4F8ED
:10CE8000149032465946FFF72DF9DAF80810A368D6
:10CE90002268A3EB08033244491BA3602260CAF84E
:10CEA000081049B3D7E900B5083798461046002D59
:10CEB000F8D09D421E46AFD2A8462E46E1E7014675
:10CEC0000198FFF73DFD06460028CFD10198216962
:10CED000FEF7BEFD0C21A389019D43F040032960AC
:10CEE0000022A3814FF0FF300023CAF80820CAF8BF
:10CEF000043003B0BDE8F08F00200023CAF80430EE
:10CF000003B0BDE8F08F00BF936810B514461BB99D
:10CF100018460023636010BDFEF798FE0023A3604F
:10CF20000023636010BD00BF2DE9F04FBDB01C466B
:10CF30009246CDE90703039118B1836B002B00F0F3
:10CF40002682039A536EB2F90C20DD0702D49005B5
:10CF500040F1AB85110740F1E180039B1B69002B79
:10CF600000F0DC8002F01A030A2B00F0E68013AB1D
:10CF700010930023CDE91133CDE90A33CDE90C3309
:10CF80000DF14C0905939AF80030002B00F0B481A4
:10CF9000544604E014F8013F002B00F0EB80252BF1
:10CFA000F8D1B4EB0A0540F0E9802378002B00F0BB
:10CFB000A3814FF000034FF0000B8DF83B304FF092
:10CFC000FF336278CDF810B0029304F1010A0AF140
:10CFD000010AA2F120035A2B00F2FD80DFE813F0D2
:10CFE000F702FB00FB00F202FB00FB00FB00D1029A
:10CFF000FB00FB006A00CB02FB00C500B102FB0096
:10D00000AC025B005B005B005B005B005B005B00F5
:10D010005B005B00FB00FB00FB00FB00FB00FB0078
:10D02000FB00FB00FB00C9017900FB00FB00FB00DB
:10D03000FB00FB00FB00FB00FB00FB00FB003702DA
:10D04000FB00FB00FB00AC01FB000102FB00FB004E
:10D050006D05FB00FB00FB00FB00FB00FB00FB0081
:10D06000FB00FB00FB00C9017B00FB00FB00FB0099
:10D070009F027B007400FB009202FB0084026305A8
:10D0800002037400FB00AC0171006105FB00FB00B2
:10D090008B05FB0071000021A2F130031AF8012B6F
:10D0A00001EB810103EB4101A2F13003092BF5D91A
:10D0B00004918EE7089B53F8042B002A04920893EE
:10D0C00050DB9AF8002082E79AF800204BF0200B02
:10D0D0007DE74BF0100B1BF0200F00F01E81089B2A
:10D0E000073323F0070318465A6850F8083B1146E7
:10D0F0000890002AC0F25781029A013200F05E8146
:10D1000053EA01022BF0800B40F05881029B002B68
:10D1100040F08D85019306933CAC8FE1039D079809
:10D120002946FEF705FA002840F09C85B5F90C2049
:10D1300002F01A030A2B7FF41AAF0399B1F90E30EB
:10D14000002BFFF614AF4B6EDE0702D4950540F1BD
:10D15000638523465246039907983DB0BDE8F04FDA
:10D1600000F0AABD049B5B4204939AF800204BF0A8
:10D17000040B2CE7B4EB0A0500F0BE80119B129A59
:10D1800001332A44072BC9E900A51292119305DC4B
:10D1900009F10809059B2B44059306E71AB911927A
:10D1A0000DF14C09F6E70399079810AAFEF74EFD1A
:10D1B0000023CDE911330028F2D0039B5A6EB3F956
:10D1C0000C30D10740F19F805B0600F15785059830
:10D1D0003DB0BDE8F08F002A00F08E8000238DF86E
:10D1E0003B3001238DF88C20019323AC0693002360
:10D1F00002931BF0020602D0019B023301931BF045
:10D200008403DDE9111201F1010C6046099305D197
:10D21000049B019D5D1B002D00F346839DF83B5050
:10D22000002D00F0128201210132C9F804100728F4
:10D230000DF13B01CDE91102C9F8001040F3018264
:10D240004AB110AA03990798FEF700FD0022CDE924
:10D2500011220028B1D1002E00F009820222012003
:10D260000FAB13930DF14C091492014609F1080913
:10D270000130099B802B00F00382029B069D5F1BFF
:10D28000002F00F34082069B07281A44CDE91102C3
:10D29000C9F80040C9F8043040F38382002A40F006
:10D2A000DF8211921BF0040F00F0BA82049B0199F7
:10D2B000129A5C1A002C0DF14C0900F37E82DDE914
:10D2C000041301988142ACBF5B181B18059352B13F
:10D2D0000399079810AAFEF7B9FC0023CDE9113392
:10D2E00000287FF46AAF002311939AF800300DF103
:10D2F0004C09002B7FF44CAE129B002B40F0A38412
:10D300000023119359E79A053FF55EAF039CA06D8A
:10D3100001F004F8B4F90C3056E7089A1BF0100F2E
:10D3200052F8043B089239D11BF0400F32D043F33E
:10D33000C0310A461BB2DCE60026089D029B55F868
:10D34000044B8DF83B60002C00F03F84581C00F02B
:10D3500007841A4631462046FEF778FE002800F082
:10D360006084031B069323EAE373089502960193F6
:10D3700064E000220121089B8DF83B2053F8042B28
:10D3800001918DF88C20089323AC06912FE7FEF7CE
:10D390008BFAD6E51BF4007F40F03384D9170A4698
:10D3A000002ABFF6A9AE2D228DF83B20029A5B42DF
:10D3B00061EB4101013201D02BF0800B0A2B71F19E
:10D3C000000280F0F8823033DBB28DF8EF30029B40
:10D3D0000DF1EF04012BB8BF012301930123069344
:10D3E0002CE04BF0100212F0200100F0D082089BDC
:10D3F000073323F007031846596850F8083B089094
:10D4000000208DF83B000298013000F0D68353EAEB
:10D41000010022F0800BD1D10120029B002B38D1DA
:10D42000002840F0C38212F00102069200F015833A
:10D43000302301928DF8EF300DF1EF049DF83B3071
:10D44000002B3FF4D6AE019B01330193D1E64BF0A4
:10D45000100212F0200100F08B82089B073323F0AA
:10D4600007031846596850F8083B08900020029CB2
:10D4700022F4806B01348DF83B0012D022F49064CA
:10D4800053EA010240F09783029B5A46A346002BC1
:10D49000C6D0012800F0CB8300230228194600F0F3
:10D4A000EC813CAC03F00702DB0843EA4173C90896
:10D4B000303253EA0105204604F8012DF2D11BF069
:10D4C000010F00F0E881302A00F0E5813023029A54
:10D4D000023804F8013C3CAB1B1A9A42B8BF1A460A
:10D4E000044606930192A9E71BF0200F00F0C882C2
:10D4F000089B059A1B681A60D2175A60089B043370
:10D50000089340E59AF800206C2A03BF9AF801209E
:10D510004BF0200B0AF1010A4BF0100B57E59AF87B
:10D520000020682A03BF9AF801204BF4007B0AF11F
:10D53000010A4BF0400B4AE59AF800204BF0800BB3
:10D5400045E5514611F8012B2A2A00F0A983A2F1E2
:10D550003003092B8A4698BF002100F26D831AF828
:10D56000012B01EB810103EB4101A2F13003092BF7
:10D57000F5D902912DE52B239AF800208DF83B3048
:10D5800025E5079C2046FEF7FBFC436818460C93F4
:10D59000FAF76AFC034620460D931C46FEF7F0FCA2
:10D5A00083680B93002C3FF48CAD0B9B9AF8002002
:10D5B000002B3FF40CAD1B78002B3FF408AD4BF46F
:10D5C000806B04E59AF800204BF0010BFFE49DF816
:10D5D0003B309AF80020002B7FF4F9AC20238DF823
:10D5E0003B30F4E447F630030021089AADF83C30B4
:10D5F00052F8043B4BF0020B0892B24A0A924FF0E9
:10D6000000028DF83B20029A013200F0368153EA85
:10D6100001022BF0800040F02F815A468346022001
:10D62000FBE6002A40F07D829DF83B100120002996
:10D6300000F073820DF13B02139202460DF14C098A
:10D640001490014609F108090130002E3FF411AE93
:10D6500002230232C9F8043007280FABCDE91102CA
:10D66000C9F800307FF701AE002A40F07581002133
:10D67000099B0120802B0A460DF14C097FF4FDAD7A
:10D68000049B019D5F1B002F7FF7F7AD102F40F328
:10D69000E782CC464FF01008A14600268A4D079C31
:10D6A00007E0103F102F01F1020E0CF1080C0146AB
:10D6B00013DD481C10320728CCE90058CDE91102CF
:10D6C000EFDD002A40F0B5800021103F102F4FF011
:10D6D000010E0A460DF14C0CEBDC4C467046E1465F
:10D6E0003A440728C9E90057CDE9110200F3B9818E
:10D6F000029B069D01465F1B002F09F1080900F1FE
:10D7000001007FF7C0AD704D102F29DD2B46CC46B0
:10D7100025464FF010081C46079EDDF80C9007E0E8
:10D72000103F102F01F102000CF1080C194613DD17
:10D730004B1C1032072BCCE90048CDE91132EFDD4C
:10D74000002A40F081800021103F102F4FF001008F
:10D750000A460DF14C0CEBDC2346E1462C461D46F7
:10D760003A440728CDE91102C9F80050C9F80470FD
:10D7700003DC09F10809013085E552B103990798E6
:10D7800010AAFEF763FA0023CDE9113300287FF4D5
:10D7900014AD0123069A13941193149212920DF171
:10D7A0004C091BF0040F3FF48AAD049B019909F169
:10D7B00008095C1A002C7FF782AD102C119940F3F8
:10D7C0003F8210254FF00008404F079EDDF80CB057
:10D7D00007E0103C102C01F1020009F1080919467C
:10D7E00013DD4B1C1032072BC9E90075CDE911324E
:10D7F000EFDD002A40F0A5800021103C102C4FF0F6
:10D8000001000A460DF14C09EBDC22440728C9E966
:10D810000074CDE911027FF752AD002A40F09381E8
:10D82000DDE9042301998A42ACBF9B185B1805937C
:10D8300059E52046039910AAFEF708FACDE91166CA
:10D8400000283FF441AFB8E44946304610AAFEF73D
:10D85000FDF90023CDE9113300283FF474AFACE4A7
:10D860000399079810AAFEF7F1F90023CDE91133C7
:10D8700000283FF417ADA0E483460A983CAC03F0BF
:10D880000F02825C1B0943EA0173090904F8012DA8
:10D8900053EA0102F3D1029A3CAB1B1B9A42B8BF78
:10D8A0001A4606930192C9E5102D40F3C381074F34
:10D8B000CC463B46A14637464FF010081E46099C11
:10D8C0000FE000BF1C200108702101088021010821
:10D8D000103D102D01F1020E0CF1080C014611DD76
:10D8E000481C10320728CCE90068CDE91102EFDDB1
:10D8F000EAB90021103D102D4FF0010E0A460DF13E
:10D900004C0CEDDC33464C463E46E14670461F4625
:10D910002A440728CDE91102C9F80070C9F804505B
:10D920003FF77FAE014609F10809013076E403991B
:10D93000079810AAFEF78AF9CDE911440028D8D03B
:10D940003BE45946304610AAFEF780F9CDE911882C
:10D9500000283FF451AF30E40399079810AAFEF76E
:10D9600075F90023CDE9113300283FF480AE24E49B
:10D97000089850F8043B089012F010007FF476AD40
:10D9800012F0400400F0378101469BB26EE5089822
:10D9900050F8043B089012F010007FF431AD12F003
:10D9A000400400F01B8101469BB229E5029B3CAC80
:10D9B0000193069342E5CDF818904FF0000CB24D5C
:10D9C000DDF82C900DF1F00E0BF48067CDF804B06B
:10D9D00006E00A2B71F1000138D343463146A646D2
:10D9E0005A1842F10002A5FB020626F0030000EBE4
:10D9F00096004FF0CC36121A981A06FB00F661F129
:10DA0000000BA0FB058005FB0B660644052008F013
:10DA1000010BABFB000B80184FEA5808303048EA86
:10DA2000C6780CF1010C0EF1FF340EF8010C7608EB
:10DA3000002FCED099F800206245CAD1BCF1FF0F6B
:10DA4000C7D00A2B71F1000180F0A680CDF82C9090
:10DA5000DDF804B0DDF818901DE7029B3CAC0193A3
:10DA6000ECE4002A40F08680029B069A9F1A002F61
:10DA70007FF78FAE0022012011460DF14C0943E6DD
:10DA80001BF0100F40F09C801BF0400F40F0BF8057
:10DA90001BF4007F00F09480089B059A1B681A70A5
:10DAA0002CE55A469FE45A46D3E4039DA86D00F046
:10DAB0002FFCB5F90C20FFF74DBA744B1BF0200179
:10DAC0000A931DD0089B073323F0070318465968B3
:10DAD00050F8083B08901BF0010F09D053EA0100F1
:10DAE00006D08DF83D2030224BF0020B8DF83C2003
:10DAF0002BF4806B83E5664B1BF020010A93E1D188
:10DB0000089850F8043B08901BF01000E3D11BF07C
:10DB100040046AD001469BB2DDE70A460DF14C098C
:10DB200093E510AA03990798FEF790F80022CDE933
:10DB3000112200287FF441AB9DF83B100120002901
:10DB40007FF478ADE9E70399079810AAFEF77EF80D
:10DB50000023CDE9113300283FF462AEFFF72DBB5F
:10DB6000204608950296FAF77FF920EAE0730690BE
:10DB7000019363E40399079810AAFEF767F800235E
:10DB8000CDE9113300287FF418AB029B069A9F1A47
:10DB9000002F7FF7FEAD6DE70D9B0C99E41A1A4636
:10DBA0002046FFF7F3F899F801300BB109F10109AC
:10DBB0004FF0000C11E7A34673E49346FFF7FEBB5A
:10DBC000089B059A1B681A6098E4062B28BF062359
:10DBD000304C069308950193FFF709BB12F40071CE
:10DBE0003FF40EAC2146DBB20AE41BF400711CBF0B
:10DBF0002146DBB26FE712F400711CBF2146DBB295
:10DC000034E443F3C0110A465BB2FFF772BA089BD3
:10DC1000059A1B681A8071E4886D00F07FFBFFF79E
:10DC200098BA029B089501930693029006E430236C
:10DC3000FFF7CBBB184F6BE600230293FFF7C9B980
:10DC4000154F481CE1E50399079810AAFDF7FEFF60
:10DC50000023CDE9113300283FF452ABFFF7ADBAF2
:10DC60000E4D3DE5039B5B6EDB0707D4039B9B8951
:10DC70009F0503D4039B986D00F050FB4FF0FF33DA
:10DC80000593FFF7A4BA00BFCDCCCCCC302001085F
:10DC90001C2001084420010880210108702101088E
:10DCA000089B9AF801208A4653F8041B089341EA1E
:10DCB000E1730293FFF78BB9F0B50026ADF26C4D1E
:10DCC0001AAD4FF480641F460095049506961546DC
:10DCD00006468B8916A823F00203ADF80C304B6E74
:10DCE00005941993CB890294ADF80E30CB690C469C
:10DCF00007934B6A099300F0FFFA2A463B466946B0
:10DD00003046FFF711F9051E07DB69463046FDF77F
:10DD100097FD002818BF4FF0FF35BDF80C305B06AB
:10DD200003D5A38943F04003A381169800F0EEFACF
:10DD300028460DF26C4DF0BD38B50C461146002258
:10DD40008446074D20462A601A46644600F0C1FA10
:10DD5000431C00D038BD2B68002BFBD0236038BD9E
:10DD6000C80C0020144600B51A460A4B0D461B6825
:10DD700085B0DE6803464CB107490191304607493A
:10DD80000294009500F050F8F5F776FE04490C4631
:10DD9000F3E700BF8407002090210108A0210108BB
:10DDA0009C21010810B502FB01F1F9F795FC04462E
:10DDB00068B150F8042C22F00302043A242A18D83F
:10DDC000132A06D80246002313605360936020464E
:10DDD00010BD00231B2A036043600FD9242A8360EF
:10DDE000C36011BF00F1100200F11802036143612A
:10DDF000E9E70021F9F72CFF204610BD00F10802E9
:10DE0000E1E700BF002238B5064D044608462A6007
:10DE100000F063FA431C00D038BD2B68002BFBD008
:10DE2000236038BDC80C00200EB400B5074A82B08C
:10DE300003AB0146106853F8042B0193FFF774F805
:10DE400002B05DF804EB03B0704700BF8407002008
:10DE500070B50026074D0446084611462E6000F0B6
:10DE600046FA431C00D070BD2B68002BFBD023600A
:10DE700070BD00BFC80C0020002238B5064D044616
:10DE800008462A6000F02EFA431C00D038BD2B68EB
:10DE9000002BFBD0236038BDC80C002038B50C46E1
:10DEA000114600228446074D20462A601A466446E1
:10DEB00000F016FA431C00D038BD2B68002BFBD0B5
:10DEC000236038BDC80C002082B049B15AB16BB193
:10DED00013780B601278101E18BF012002B0704733
:10DEE00001A9002AF3D1104602B070476FF001007B
:10DEF000F4E700BF38B50C46114600228446074DB2
:10DF000020462A601A46644600F0DFF9431C00D020
:10DF100038BD2B68002BFBD0236038BDC80C002017
:10DF2000034649B1FF2A02D801200A7070478A22AD
:10DF30004FF0FF301A60704708467047704737B59A
:10DF40000C460569836801A95B68984748B9019B3D
:10DF50002A685A40012303FA04F10A4214BF184602
:10DF6000002003B030BD10B484682468A44610BCFF
:10DF7000604703681B6B184703681B6C18474A1CF3
:10DF80000B4610B40AD0D0E91442406AC9B2984294
:10DF900014BF2046104610BCFFF7D1BF002010BCB4
:10DFA00070477047704770477047084600F097BE4B
:10DFB00008B500F0B6FF0A220023F3F72DF94FF45D
:10DFC0007A73584308BD10B50446582100F0A0F8F4
:10DFD000204610BD8368DB690BB1002218477047EB
:10DFE000012303FA01F103691B68194203D022B12E
:10DFF00083681B6903E0002AFAD08368DB6818474E
:10E000000B46591C30B40AD0D0E91454406AD9B236
:10E01000984214BF2846204630BCFFF7E1BF30BC11
:10E020007047F0B4012406698C403368876823EA9E
:10E03000040333603B6822F48012F0BC18472DE9DA
:10E04000F04198464B1C0446174602D10020BDE81B
:10E05000F081CDB24FF480322946006DFFF7E1FF29
:10E06000236820469B6A984706462946206DFFF79D
:10E0700066FF2368B8429B6A20460DD09847064643
:10E080002946206DFFF75BFF236887429B6A204685
:10E0900007D09847801BDAE79847801B4045E4D9B2
:10E0A000D4E79847801B4045EAD9CFE730B44C1CF1
:10E0B0000B4612D0B2F5003F04D0A2F580314A429F
:10E0C0004A411204D0E91454406AD9B2984214BFAC
:10E0D0002846204630BCFFF7A4BF30BC70470A2159
:10E0E00020EAE07080FB010100F0B9BE0846FFF7AE
:10E0F000F6BF08B500F015FF0A220023F3F78CF8ED
:10E1000008BD00207047FEE7F9F7D6BAF9F7DCBA88
:10E11000F9F7DABA00EBC100408840087047F8B55B
:10E120000346FFF7F7FFB0FA80F0C0F11F0003EBE2
:10E13000800CDCF81060CA00171D0C4606328DB248
:10E1400056B9012101FA00F0D9680143D960CCF831
:10E150001040DD539D52F8BDF1000431585AD85398
:10E1600003EBC0009E52C5805D52F4E7043A2DE9EE
:10E17000F041CC1D114424F0070421F007010E1BCF
:10E18000F708B7FA87F24FF00008C2F12405AD0096
:10E190000735C2F12002ED0804604146A760C4F8CB
:10E1A0000C80920004F11000F9F752FD6B0043F06F
:10E1B000010363807B1B04EBC5025900A4F80080B7
:10E1C0005180A21924F83550A2F80280A35304EB21
:10E1D000C7035A88294642F001025A802046BDE80A
:10E1E000F041FFF79CBF002070470FB407B504A9AA
:10E1F00051F8040B0191F4F781FC03B05DF804EBD6
:10E2000004B07047044608B5084611461A46A047B0
:10E21000F7F784F9F5F712FB2DE9F0410746884638
:10E2200015461E461446B44205D30EB1601B08E0E5
:10E230002378002BFAD0414614F8010BB847002888
:10E24000F1DABDE8F0817047F9F702BDF1F750BF90
:10E2500001460068F5F7C2B808B5F5F7EFF8BDE874
:10E260000840F5F7EFB80B4601461846FFF749BFDF
:10E2700000210120F5F7B2B808B5F5F74FFBF5F727
:10E2800085F8F5F78FF8F5F793FBF6F715FD6FF0C6
:10E290008500704761B662B680F31188BFF36F8F57
:10E2A000704772B6002383F31188BFF36F8FBFF3FB
:10E2B0004F8F30BF62B6BFF36F8F7047002070473B
:10E2C0004FF0FF3070470020704708461146F5F7C1
:10E2D00093BB08461146F5F7A3BB4FF0FF307047DC
:10E2E000002070470228CCBF0020012070474FF467
:10E2F000005300204B60704710B504461420F9F716
:10E30000DBF92060BDE8104000F038BDF9F7DCB95A
:10E310004FF0FF324FF0FF33F6F730BDF6F7A6BDF2
:10E320000020704708B5062201210020F5F7D2FB36
:10E33000002206201146F5F7DBFA012107220846E4
:10E34000F5F7C8FB002207201146F5F7D1FA08229D
:10E3500001210220F5F7BEFB002208201146F5F747
:10E36000C7FA092201210320F5F7B4FB0022092096
:10E370001146F5F7BDFA0A2201210420F5F7AAFBA0
:10E3800000220A201146F5F7B3FA052117220846A4
:10E39000F5F7A0FB002217201146F5F7A9FA28226D
:10E3A00006210A20F5F796FB002228201146F5F7F2
:10E3B0009FFA002008BD012001F01F01884070472E
:10E3C0000F2300F0030204329200934043EA9000CE
:10E3D000020C92FAA2F2B2FA82F210B5C3B29B001A
:10E3E00003F1804303F580339C68914024EA104098
:10E3F0000143996010BD0B8882B0C3F30B0303F691
:10E40000EC72C2F30B02082A14D803F1804303F51F
:10E4100004331A684868024300201A600B88C3F36B
:10E420000B0303F1804303F504331B680193019B45
:10E4300002B070476FF08500FAE70B88C3F30B0357
:10E4400003F6EC72C2F30B02082A9FBF03F180436C
:10E4500003F504331A6849689BBF00208A436FF0B4
:10E4600085001A607047092809D840F2EA33C34092
:10E4700013F0010F14BF00206FF0850070476FF09C
:10E480008500704738B50888C0F30B00FFF7EBFF35
:10E49000002822DB4868FF281ED0012382B2C0F387
:10E4A000415502F18042013502F50432AB40146857
:10E4B000C0F30440013B834024EA0303136049682E
:10E4C0008BB203F1804303F5043318680A0EC1F3DD
:10E4D00004418A4002431A60002038BD088808B50C
:10E4E000C0F30B0000F6EC73C3F30B03082B0AD840
:10E4F00000F1804000F5043002684B68934314BF7C
:10E500000120022008BDFFF7AEFF002814BF012044
:10E510000220F7E7704700207047704743680020EB
:10E520005B689B680B60704743685B68D8684240D3
:10E530000A404240DA6000207047436800205B6870
:10E5400019617047436800205B68596170474368F0
:10E5500000205B68DA685140D960704710B50369E4
:10E560009868F8B1884219D1DC680868A1429860BF
:10E5700000D1D860002008602AB19A680A60DA6881
:10E58000996002B9D960002010E0814206D1086884
:10E590002060D8688142EDD1DC60EBE7044600687A
:10E5A0000028F2D1002AE8D16FF0150010BD91FAD1
:10E5B000A1F3B3FA83F370B50D0E0F2691FAA1F112
:10E5C000B1FA81F144599B0006FA03F3890024EA69
:10E5D00003048A402243425170BD91FAA1F3B3FA79
:10E5E00083F370B50D0E032691FAA1F1B1FA81F112
:10E5F00044599B0006FA03F3890024EA03048A4085
:10E600002243425170BD91FAA1F3B3FA83F370B57E
:10E610000D0E042691FAA1F1B1FA81F144599B0043
:10E6200006FA03F3890024EA03048A402243425194
:10E6300070BD70B50B468968054611B15E680C68FF
:10E6400001B970BD8A682A4002D030464B689847AD
:10E650001CB1236821461C46F2E72346FAE770B551
:10E6600001241546072904FA01F288BF01F00701C9
:10E670004FEA022385BF8C401C4342EA030444F066
:10E680008064EA07406822D415F0060204D12146CE
:10E69000BDE87040FFF78BBF022A01D10422F6E7E4
:10E6A00005F4C075802D6FEA14264FEA14220BD1B1
:10E6B00092FAA2F20123B2FA82F2C1689340314089
:10E6C0000B430822C360E2E7C3683340F9E76B06F7
:10E6D00054BF012209222146FFF769FF15F02002ED
:10E6E00018BF0422214605F01805FFF78CFF082DFE
:10E6F00005D102222146BDE87040FFF76EBF0DB97B
:10E700000122F7E70322F5E7F8B50646076912F498
:10E7100000300D46134622D09A0719D55C0769D5FB
:10E72000212213F0100F03F4403413D042F084027E
:10E73000002C39D11803716855D501234968AB40C5
:10E740000B6129467068FFF78AFF002C3AD111E06F
:10E750000122E6E7990648BF42F48272E8E712F424
:10E76000803203F4403410D1F4B92246294670684F
:10E77000FFF775FF3B6923FA05F2D20722D5012284
:10E78000AA4023EA02033B611CE0D90608D49A069A
:10E7900002D444B90224E8E7B4B94FF48274E4E740
:10E7A000ACB98424E1E70222D7F810C02CFA05F1B5
:10E7B000C9070ED5D6F804C00028BBD1294660464B
:10E7C000FFF74DFF0020F8BD4FF48272ECE7842282
:10E7D000EAE70121A94041EA0C0139610028A9D1E9
:10E7E00029467068ECE7580341BF01234968AB40F4
:10E7F0004B61A6E76FF08500E5E7F8B51F460446D4
:10E8000040680E461546FFF72AFF032F08D1012363
:10E8100003FA06F66368AA055B684CBF1E615E6179
:10E820000020F8BD30B5036813600579046804EB77
:10E83000C504A34202D36FF0010030BD5C798C4265
:10E8400001D00833F0E70020F7E74368C1F34B102D
:10E850001B6801F01F01C05801238B40034214BF05
:10E860000123002300201370704710B54368C1F3E3
:10E870004B101A680123845801F01F018B40234379
:10E880008350002010BD012210B54368C1F34B1422
:10E89000186801F01F0123588A4023EA020323501D
:10E8A000002010BD38B504460D46FFF7DEFF2946AF
:10E8B0002046FFF7E8FF002038BD036882B00193CF
:10E8C000019B43680193019B02B0704708B5436800
:10E8D000186802680368C2F3C002D907036848BF1A
:10E8E00042F002029B07036848BF42F00402590746
:10E8F000036848BF42F02002DB0542BF6FF480731B
:10E9000042F008020360D10701D5FFF7D6FF930755
:10E9100001D5FFF7D2FF510701D5FFF7CEFF9306D0
:10E9200001D5FFF7CAFF104608BD37B503460D46AF
:10E93000046819B96FF0150003B030BD406819695B
:10E940008368DB68D3B101AA98470028F4DB192259
:10E95000019BAD0053436422B3FBF5F1B1FBF2F030
:10E9600002FB10131B013233B3FBF2F303EB001372
:10E970000F2BDFD99BB20020A360DDE76FF05700BB
:10E98000DAE710B5436810201B681A681206FCD538
:10E99000EFF3118280F31288BFF36F8F1C68240697
:10E9A00004D482F31188BFF36F8FEEE7596082F3CE
:10E9B0001188BFF36F8F10BD08B5436818680368EE
:10E9C0001A0701D5FFF779FF03689B0649BF436823
:10E9D0004FF0FF3000200B7008BDF7B544680546C6
:10E9E000606800F0A2F918B96FF0120003B0F0BD32
:10E9F0006068216983681B68002B42D09847002813
:10EA0000F4DB0021606A01AAFFF70CFF0028EDDBB0
:10EA1000019B002219791868F5F78AFA0028E5DBCE
:10EA20006E682B6934681F68E36823F40053E36061
:10EA3000B06800F07AF90028D6D0D6E902018368E0
:10EA4000DB6803B1984704F10C0353E8003F43F03F
:10EA50000C0304F10C0141E80032002AF3D13946DD
:10EA60002846F5F7E3FA00280EDB337E1BB1636915
:10EA700043F008036361E368002043F40053E3605C
:10EA8000B4E76FF05700B1E76FF01500AEE7036928
:10EA90001B681B680B6043681B68DB6803F4C0637A
:10EAA000B3F5806F2FD0A3F5C06CDCF1000343EB0E
:10EAB0000C030B7143681B681B6903F44053B3F5E7
:10EAC000805F22D0B3F5405F21D0002B0CBF012323
:10EAD00003234B7143681B68DA68DB68D20403F4D4
:10EAE000C06316D5002B14BF032304238B71436826
:10EAF00000201B685B6903F44073A3F54072534226
:10EB00005341CB7170470223D3E70023E1E702238F
:10EB1000DFE7002B14BF02230323E7E730B50446E9
:10EB2000086808B9106008E0206845689D4205D370
:10EB3000B5FBF3F515602368186830BD0830206018
:10EB4000086801380860EBE7C0F34510082804D9CD
:10EB500010288CBF0420022070470120704738B570
:10EB60000B6805469888FFF7EFFF01280C4603461F
:10EB70001DD1496CC9B1A26C02B10A78D2B22A7314
:10EB8000A26C8AB1013AA264EAB9626B04F138015D
:10EB900008326263A26B04F13400013AA26304F10B
:10EBA0004802FFF7BBFF606438BD0A46E6E702286B
:10EBB000E6D1496C29B1A26C02B10A8892B2AA814D
:10EBC000DEE70A46FAE7626C002AEDD01A44626476
:10EBD000EAE710B50B6802469888FFF7B5FF0128F1
:10EBE0000C460346096D1AD1127BE06CD2B208B113
:10EBF00001B10270226D8AB1013A2265CAB9E26B95
:10EC000004F140010832E263226C04F13C00013A55
:10EC1000226404F15002FFF781FFE06410BD022876
:10EC2000E8D1D068E26C002AE4D00029E2D010805C
:10EC3000E0E7E26C002AF1D01A44E264EEE713B593
:10EC4000406801AA0C46FFF7EDFD002805DB019B9B
:10EC5000002219791868F5F76BF9012C02D1831C91
:10EC600008BF002002B010BD03460A4619790123EF
:10EC7000006803FA01F103691B68194218BF82F0AA
:10EC8000010212B18368DB68184783681B69FBE7E0
:10EC900010B5036804464BB11A7D3AB1186900F00B
:10ECA0001EF8206800210830FFF7DEFFA36933B9A2
:10ECB000636004F11000BDE81040F6F727B910BDFD
:10ECC00010B544680069FFF7E3FF23681A6822F073
:10ECD00040021A60186810F04000FBD110BD38B532
:10ECE000044648B1F5F7B6FE482305465C43F5F700
:10ECF000B1FE431BA342FAD338BD10B543690446A5
:10ED00003BB90020E2684042537843F0010353705E
:10ED100010BD98470028F4D00028B8BF4042FF2813
:10ED2000A8BFFF20E3681870ECE740B1C3685878CB
:10ED300010F001001EBF1878B0FA80F0400970474B
:10ED4000EFF31183102383F31288BFF36F8FFEE775
:10ED500008B5FFF7F5FF102408B5EFF3118384F32E
:10ED60001288BFF36F8FFFF79CFAF6E790F90E3029
:10ED70008B4201D0F6F746BA0020704703460020C8
:10ED8000C3E90033C3E902007047D0E900321360E1
:10ED90005A600023C0E90033704708B5FFF7F5FF5C
:10EDA000037C23F0020303740023836008BD38B59D
:10EDB00004460D46F6F794F9237C43F002032374CE
:10EDC000E5B1A5602B689D4209D16B68C4E9005389
:10EDD0001C606C6012E06A689A42F6D01B68002BD7
:10EDE000F3D094F90E2093F90E108A42F3D0914299
:10EDF000F1DD5A68C4E9003214605C6038BD10B5BA
:10EE0000EFF31184102383F31288BFF36F8FF6F7AB
:10EE100025F984F31188BFF36F8F10BD014610B53B
:10EE2000EFF31184102383F31288BFF36F8F037CF9
:10EE300013F0280F0AD183680BB1FFF7AEFF0B7CEC
:10EE4000084623F004030B74F6F708F984F31188DD
:10EE5000BFF36F8F10BD01211838FFF7DFBF38B542
:10EE600004460D46F6F7FAFAB5F1FF3F08BFB4F1D4
:10EE7000FF3F0346204610D013F109004FEAE3712B
:10EE800041F100010A220023F2F7C6F9B0F1004F68
:10EE900071F1000128BF6FF0004038BD08B502468F
:10EEA000F6F762FC70B1D0E904319B1A61EBE272B3
:10EEB000B3F1004F72F1000104DA002AACBF18462A
:10EEC000002008BD6FF00040FBE7024638B5EFF3C5
:10EED0001185102383F31288BFF36F8F0368CBB1C2
:10EEE000F6F742FC04461046F6F750FC00224FF0BD
:10EEF00000438442C0E9042306D1F6F73DFCFFF746
:10EF0000CDFF0021F5F70AFD002085F31188BFF33E
:10EF10006F8F38BD6FF01500F7E708B5F6F740FDC5
:10EF200008BDF6F73DBD10B400F10C04C0E9034480
:10EF30000024047510BCFFF719B97047704770477B
:10EF400008467047704710B50446006803685B6C5C
:10EF500098472068216A036882689B689847206800
:10EF6000216A03680269DB68BDE810401847006841
:10EF700003689B6C18472DE9F74F9B460C9B057C5B
:10EF80000193437CDDF83490ED0805EBD3054D4447
:10EF90000446284692468846FFF7B6F806462846B5
:10EFA000FFF7B2F80746207C5FFA8AF3082894BF7F
:10EFB000304630465FFA88F195BF0B4341EA1A218B
:10EFC00000F8013B00F8021B88BF737063894A4652
:10EFD000434533D15946F1F78BF8206803685B6BE2
:10EFE00098472068216A0368C268DB6898472068F0
:10EFF0002A4603683146D3F838B03B46D8472068E4
:10F00000216A03680269DB68984720680368DB6B44
:10F0100098472389434506D1217C4A46019807EB4E
:10F02000D101F1F765F816B13046FFF76FF84FB12F
:10F03000384603B0BDE8F04FFFF768B8A189F8F78C
:10F0400007FECAE703B0BDE8F08F2DE9F84FDDF801
:10F05000308004460E46154699469DF834B002EBC2
:10F06000080A13B9837C0AEBD30A5046FFF74CF821
:10F0700007462A463146F1F73BF87819B9F1000FF7
:10F0800056D042460A99F1F733F8BBF1000F07D08A
:10F09000E26A20680132036851D13221DB69984766
:10F0A0005046FFF731F80646206803685B6B9847C7
:10F0B0002068216A0368C268DB6898472068524666
:10F0C000036839469B6B9C463346E0472068216ABB
:10F0D00003680269DB68984720680368DB6B984720
:10F0E000BBF1000F07D0E26A20680132036844D107
:10F0F0000121DB6998476369002B5DD0B8F1000FEF
:10F100005CD0E27CB05C98478246B9F1000F07D131
:10F11000A37C424605EBD3010B983144F0F7E8FF9E
:10F120003846FEF7F3FF2EB33046FEF7EFFF21E03F
:10F13000A27CA18908EBD202F8F78AFDA5E75B6AF9
:10F14000984706462068E16A03681B6998470028CB
:10F15000A6D0206803685B6D9847206803685B6AE7
:10F160009847E369801B9842ECD33846FEF7CEFF00
:10F170006FF4307A5046BDE8F88F01211B6A98473A
:10F18000206803685B6A984782462068E16A0368E2
:10F190001B6998470028AED0206803685B6D9847CC
:10F1A000206803685B6A9847E369A0EB0A0098420D
:10F1B000EBD36FF4307AA8E79A46A6E7C246A4E7F5
:10F1C000F0B51E46037905460F4687B03BB9CDE939
:10F1D00000620A460189FFF7CEFE07B0F0BD04AB1E
:10F1E000194690F9114090F811C0002CB8BF0734AF
:10F1F000E410013C64B2E000002C12DA2C7CE4083C
:10F20000601E40B2B0F1FF3F15D10123CDE90223CA
:10F21000002328460196009304EBDC02FFF715FF5C
:10F22000DBE7B5F808E0013C4EFA00FE03F801EB1D
:10F2300064B20838E0E74FEAC00E27FA0EFE03F882
:10F2400001EB0138DDE70023F0B589B08DF8173008
:10F25000037904460A465BB9012101910DF11701BA
:10F2600000910189FFF787FE9DF8170009B0F0BDF6
:10F2700090F91130467C06A80146002BB8BF073331
:10F28000DB10013B5BB2DD00002B13DA257CED08BF
:10F290006B1E5BB25F1C15D10123CDE902330DF16A
:10F2A0001703019300232046009305EBD602FFF7D6
:10F2B000CCFED9E72789013B2F4100F8017B5BB2E7
:10F2C000083DE1E7DF0022FA07F700F8017B013B88
:10F2D000DFE7F0B516461A46037905460F4687B0B4
:10F2E00043B9CDE900320A4633464189FFF743FE70
:10F2F00007B0F0BD04AB194690F9114090F811C069
:10F30000002CB8BF0734E410013C64B2E000002CCC
:10F3100012DA2C7CE408601E40B2B0F1FF3F15D138
:10F320000123CDE9022300222846CDE9006204EB47
:10F33000DC02FFF78AFEDBE7B5F80AE0013C4EFA93
:10F3400000FE03F801EB64B20838E0E74FEAC00EB4
:10F3500027FA0EFE03F801EB0138DDE7F0B503797B
:10F3600089B004460D468DF8172053B90122CDE926
:10F3700000320A460DF117034189FFF7FCFD09B081
:10F38000F0BD90F91130467C06A80146002BB8BFAD
:10F390000733DB10013B5BB2DA00002B13DA227C6F
:10F3A000D208531E5BB25F1C15D1002001230190CF
:10F3B0000DF117000090CDE90233204602EBD60292
:10F3C000FFF743FEDBE76789013B174100F8017B4C
:10F3D0005BB2083AE1E7DF0025FA07F700F8017BA6
:10F3E000013BDFE72DE9F0479DF820A01C4643EAEA
:10F3F0000A03072B05460E4690469DF828709DF897
:10F400002C9042D8544540D3FFF71DFFFF22631CC8
:10F41000DBB2CAF1080A02FA03F342FA0AF2134312
:10F42000DB4380EA0802DBB2134205D1B9F1000FD9
:10F4300002D10020BDE8F08720EA030403EA0803B4
:10F440001C43E4B2224631462846FFF787FF28686E
:10F4500003689B6A98474FF47A7381469DF824802D
:10F4600003FB08F8286803689B6A9847A0EB090328
:10F47000434502D36FF00F00DCE731462846FFF723
:10F48000E2FE60400742EDD1D3E76FF00A00D1E71A
:10F490007FB59DF8246004460396089E9DF8285089
:10F4A000CDE9013600230093FFF7CFFD38B935B120
:10F4B000A36923B1204604B0BDE87040184704B0EA
:10F4C00070BDF0B587B005AD0F46294690F91140E3
:10F4D00090F811C0002CB8BF0734E410013C64B2AE
:10F4E000E600002C0DDA9DF8344002949DF830407F
:10F4F000CDE9003413464FEADC02FFF7C9FF07B03D
:10F50000F0BD47FA06FE013C05F801EB64B2083E87
:10F51000E7E77FB59DF8246004460396089E9DF8B2
:10F52000285002960026CDE900360123FFF78DFD15
:10F5300038B935B1A36923B1204604B0BDE87040A5
:10F54000184704B070BDF0B587B005AD0F46294629
:10F5500090F9114090F811C0002CB8BF0734E410A6
:10F56000013C64B2E600002C0DDA9DF834400294B0
:10F570009DF83040CDE9003413464FEADC02FFF736
:10F58000C8FF07B0F0BD47FA06FE013C05F801EBE5
:10F5900064B2083EE7E7002370B586B00446427CBB
:10F5A0008DF8133090F9113005A80146002BB8BF33
:10F5B0000733DB10013B5BB2DD00002B16DA0123C1
:10F5C000CDE902330DF1130301930023204600938C
:10F5D000D208FFF73AFD054628B963691BB19DF8CB
:10F5E00013009847E080284606B070BDE689013BCD
:10F5F0002E4100F8016B5BB2083DDEE7406C18B9A4
:10F6000070478B4204D018300378002BF9D118468C
:10F610007047F8B50546FFF7F1FF88B1041D05F105
:10F620002C0605F1400756F8041F002904DB286862
:10F6300022680368DB689847BE4204F10404F2D1F3
:10F64000F8BD4AB116290B466FF00800A8BF162373
:10F650008342B8BF034613700931C9B21F298CBF5A
:10F660006FF00C0000207047704770B50E461D46C5
:10F6700011469DF81430049A044600F070FE88B9D3
:10F68000236831462046DB6B984758B90121204654
:10F6900000F027FD30B9236829462046BDE87040B8
:10F6A0005B6D184770BD10B504464FF4E071FEF76E
:10F6B0002FFD204610BD2DE9F3411F469DF8343043
:10F6C000884601930C9B164600939DF82420BDF8B4
:10F6D0002C309DF8201004469DF92850F6F7E0FEE6
:10F6E00000BB236841462046DB6B9847D0B92368AE
:10F6F00039462046D3F8EC30984798B9236831460C
:10F700002046D3F8E830984760B923682946204658
:10F710005B6D984730B90121204602B0BDE8F04149
:10F7200000F0DFBC02B0BDE8F081F0B585B09DF817
:10F7300038700D46029711460D9F1A46BDF83030BD
:10F74000019700930A9B04469DF92C60F6F7FEFE94
:10F7500090B9236829462046DB6B984760B9236837
:10F76000314620465B6D984730B90121204605B0EF
:10F77000BDE8F04000F0B5BC05B0F0BD73B50E4675
:10F7800011461A469DF8243004460193089B9DF9C2
:10F790001C5000939DF81830F6F74CFF90B9236881
:10F7A00031462046DB6B984760B90121204600F0C6
:10F7B00098FC38B92946204623685B6D02B0BDE845
:10F7C0007040184702B070BD0022F6F7B3B90122AD
:10F7D000F6F7E2B9002213B503680092DC6940F243
:10F7E000722202236FF07F41A04702B010BD036870
:10F7F00089B2D3F8F03018470368D3F8E0301847DF
:10F80000D0F85C017047704710B50C4659B100F054
:10F810006CFF012802D0032803D038B920700020E3
:10F8200010BD0220FAE76FF00200F9E76FF0130055
:10F83000F6E708B50221D0F85C01FFF7EAFE4FF0C9
:10F84000FF3008BD37B50D46044690F85811D0F882
:10F850005C01FFF7DEFE5DB90123CDE90033002333
:10F86000D1211A46D4F85C01FFF76DFE03B030BD1C
:10F870002946204600F01BFF0028EDD0F6E70023C4
:10F8800007B58AB21146009300F0E3FE03B05DF8BD
:10F8900004FB1FB50023ADF80C300123CDE9003384
:10F8A0001221022303AAD0F85C01FFF70AFEBDF87B
:10F8B0000C0040BA80B205B05DF804FB2DE9F041C0
:10F8C0000024FF270226054686B0CDE90274CDE963
:10F8D00000462346224640F6E201D0F85C01FFF7DD
:10F8E00081FDCDE90274CDE900462346224640F66B
:10F8F000E501D5F85C01FFF775FD6FF07F41284603
:10F9000000F03AFED5F85C310A21186827460368F2
:10F910002646DB699847012340F6190128460DF178
:10F9200017028DF8176000F05DFE9DF8170000F0DB
:10F930000100A04001343843082CC7B2EBD10224A7
:10F940004FF0FF082B6828461B699847CDE901480E
:10F95000039600960023012240F6E201D5F85C01EF
:10F96000FFF740FDCDE90286CDE9006400230122C6
:10F9700040F6E501D5F85C01FFF734FD384606B0E6
:10F98000BDE8F08138B590F834100446022905D05E
:10F99000032911D06FF01805284638BDD0F85C0156
:10F9A000FFF737FE2046D4F89C1100F0E5FD054630
:10F9B000002384F83430EFE790F85811D0F85C0158
:10F9C000FFF727FE0021204600F0C0FD0546002875
:10F9D000E2D1D4F85C311868D96A0268126990479C
:10F9E0000028E5D0D4F85C31186803685B6D98474F
:10F9F000EFE710B5D0F85C310446186803681B695E
:10FA00009847C1B22046BDE8104001F00FBC10B5C8
:10FA100004464FF4E071FEF77BFB204610BD10B5A5
:10FA2000036844F2FF31D3F8F0300446984728B910
:10FA300023682046BDE810401B69184710BDF7B584
:10FA400005460E4600F051FE012833D12B682846AA
:10FA50001B699847044650BB0221D5F85C01FFF7AB
:10FA6000D8FDB168284601F0CEFBF168074628466C
:10FA700001F0C9FB2346009482B2B9B2284600F0D7
:10FA8000E8FD044698B92B6844F2FF312846D3F8C4
:10FA9000F0309847044650B9736828460193F378CC
:10FAA0000093B37872783178F7F720F9044620464E
:10FAB00003B0F0BD6FF01304F9E710B50368044616
:10FAC000D3F89430984730B110BDD4F85C31186841
:10FAD00003685B6D9847D4F85C311868596A02680E
:10FAE000126990470028F0D023682046BDE81040F6
:10FAF000D3F89830184710B5032ABDF8084011D83C
:10FB0000092980F8A02110D85A1E032A80F8A111D3
:10FB10000ED8B4F5007F80F8A2310CD2A0F8B04125
:10FB2000002010BD6FF00900FBE76FF00700F8E759
:10FB30006FF00A00F5E76FF06900F2E770B5044670
:10FB40000D46D0F85C311868996A02689668826838
:10FB5000B047D4F85C311868996A0268D668C26800
:10FB6000B047D4F85C31012118680368DB69984715
:10FB7000D4F85C311868996A0268D6680269B0479F
:10FB8000F5B1D4F85C31186803685B6A984706469B
:10FB9000236820461B699847054688B1D4F85C3134
:10FBA000186803685B6A9847801BB0F57A7F08D2B3
:10FBB000D4F85C310A2118680368DB699847E7E7E5
:10FBC0000025284670BD10B503680446D3F884307C
:10FBD0009847430410D5D4F8BC11204601F00F011A
:10FBE00000F0EDFB50B923682046BDE8104044F218
:10FBF000FF31D3F8F03018476FF0040010BD2DE945
:10FC0000F0411E46036886B01B69054688461746C4
:10FC10009847044600283CD16FF07F433946984509
:10FC2000284618BF46F4007601F0EDFA3146044646
:10FC3000284601F0E8FA002382B2A1B228460093D8
:10FC400000F007FD044620BB02460146284600F0AE
:10FC500063FE0446E8B92B6844F2FF312846D3F826
:10FC6000F03098470446A0B9284600F03EFD012830
:10FC700013D195F898312846019395F86431009393
:10FC800095F8943195F86321B5F8661100F0C9FD37
:10FC90000446204606B0BDE8F081A8B9FF230493CE
:10FCA00095F87E312846039395F87D31CDE90143DF
:10FCB00095F87C31009395F87B3195F87821B5F86B
:10FCC000801100F0D4FDE3E74FF0FF34E1E70121BC
:10FCD000F6F7F2BA30B585B00546144600F005FDDA
:10FCE000012808D195F86431012B04D11CB9D5F84D
:10FCF000940105B030BD0023ADF80C300123CDE9EF
:10FD0000003313210223D5F85C0103AAFFF7D9FBC6
:10FD100014B19DF80D3023709DF80C00E9E72DE932
:10FD2000F3410546D0F85C010F461646FFF733FC59
:10FD30002B680446D3F88430284698476FF4307314
:10FD40009C4208D110F4007F18BF6FF005042046D4
:10FD500002B0BDE8F081002CF9D143062CD400F0AC
:10FD60003000202814BF4FF000086FF00608002371
:10FD7000012128460DF107028DF80730FFF7AAFF91
:10FD800016B1B04228BF3046C2B2394628469DF867
:10FD9000073000F04AFC04460028D8D12B6844F212
:10FDA000FF312846D3F8F0309847B8F1000F0CBF68
:10FDB00004466FF00604CAE76FF00608D7E7002292
:10FDC000FFF788BF73B5054608464FF07E511646CB
:10FDD000F0F70CFF4FF07A51F1F712F8F0F762FBF1
:10FDE000F1F706FCF0F78EFE4FF07E51C4B23046BC
:10FDF000F0F7FEFE4FF07A51F1F702F8F0F752FB00
:10FE0000F1F776FBF0F77EFEE107C3B25CBF04F1C9
:10FE1000FF34E4B2DA075CBF0133DBB2284601A944
:10FE20008DF804408DF8053000F051FC02B070BD33
:10FE3000002373B505460846ADF804300C46F1F7CB
:10FE4000A5F9A0F286331A2B21D9A0F25F33072B34
:10FE500028D9A0F20B33082B27D9A0F5EB73282B58
:10FE600026D9A0F5D7730A2B25D94FF0814120461A
:10FE7000F0F7BEFE4FF0814106462046F0F7B6FE91
:10FE8000324601462846FFF79DFF02B070BDE122D1
:10FE9000E923284601A98DF804208DF8053000F0EB
:10FEA00016FCF2E7D722DB23F3E7C122C523F0E7F4
:10FEB00075228123EDE76B226F23EAE72DE9F041FC
:10FEC000022905460E461746C8B006D0032921D0A0
:10FED0006FF0180048B0BDE8F08190F86431012B54
:10FEE00003D1D3680BB1C0F894312846D7E9012378
:10FEF0003968FFF784FE0028ECD13B68013304BF6A
:10FF00006FF07F433B603B68C5F89C31002085F86B
:10FF10003460DFE75368FF2B00F2DD8000F0E5FB83
:10FF20000128044615D195F898312846019395F893
:10FF3000643100933B7995F86321B5F8661100F0C0
:10FF400070FC0028C6D10023012240F20121009359
:10FF500039E0A8B93B79049395F87E31039395F87D
:10FF60007D31CDE9010395F87C312846009395F861
:10FF70007B3195F87821B5F8801100F078FCE0E746
:10FF8000022818D141F6705243F20F70D5F8703143
:10FF90007968642B4FEAC1039BB20093C9B240F267
:10FFA000E14308BF134640F62F1208BF0246284619
:10FFB00000F086FCC5E7032840F0908044F201027F
:10FFC000002311460093284600F043FB002881D10E
:10FFD00002460146284600F09FFC00287FF47AAFD5
:10FFE000032C19D003463A792846396800F009FBFA
:10FFF00000287FF46FAF2B6844F2FF312846D3F816
:020000040801F1
:10000000F030984700287FF465AF2846F6F77CF972
:1000100000283FF47BAF5DE72846F6F7D1FD0028C6
:100020007FF458AF044695F8A231C3F10403A3420C
:100030004CDC0024FB22214609A80894F7F708FEAF
:1000400005F5DC73C5E96D44C5F8BC410DF11C082C
:10005000029305F5DA73CDE900832846D7E900124B
:1000600008AB0794F6F732FB00287FF433AF034662
:100070009DF81C20284608A900F0C3FA00287FF448
:1000800029AF01238DF81830079B40F285318DF898
:100090001930D5F8B83128468DF81A3006AA03234E
:1000A00000F099FA00287FF415AF95F8B87104466E
:1000B000102F28BF1027A7429DD92846E1B200F093
:1000C0007EF900287FF406AF0134F4E7284600F0FB
:1000D0005CF90134A7E76FF00300FBE64FF0FF3057
:1000E000F8E6002337B50D468DF8073040F6D80105
:1000F00001230DF10702044600F074FA70B99DF86F
:1001000007306DB143F01E038DF8073040F6D8017B
:10011000012320460DF1070200F05DFA03B030BD67
:1001200023F01E0343F00803EEE737B590F864317F
:100130000446012B02D0002003B030BD00F0D5FAF8
:1001400001280546F7D1002340F602118DF806304C
:100150000DF106020346204600F03DFA0028EBD1DF
:100160008DF807002B4640F6441120460DF107029A
:1001700000F038FA0028DFD19DF8073040F644112E
:1001800043F002038DF8073020462B460DF107029D
:1001900000F021FAD0E710B5036804461B699847C0
:1001A00060B92046FFF7C1FF40B923682046BDE88B
:1001B000104044F2FF31D3F8F030184710BD00234F
:1001C00037B50D468DF8073040F2367101230DF139
:1001D0000702044600F006FA88B99DF80730012DA1
:1001E0000CBF03F0FB0343F004038DF8073040F22B
:1001F0003671012320460DF1070200F0ECF903B03F
:1002000030BDF0B585B0044600F06FFA0246002814
:1002100077D1FF26D4F87031D4F85C01B3F5966F2E
:100220000392029609D102210423CDE9003140F660
:10023000B801FFF7D7F805B0F0BD0225B3F5167F7A
:100240004FF00303CDE900354FF004032ED11822FF
:1002500040F2D161FFF7C6F80028ECD10423CDE9C4
:100260000260CDE900551A4640F69B01D4F85C01C6
:10027000FFF7B8F80028DED10427CDE90260019528
:10028000009702463B4640F6B801D4F85C01FFF700
:10029000A9F80028CFD106235022CDE90260CDE98C
:1002A000007540F2AC61D4F85C01C2E7082240F26C
:1002B000D161FFF797F80028BDD1CDE90260CDE903
:1002C00000550246042340F69B01D4F85C01FFF779
:1002D00089F80028AFD10427CDE902600195009785
:1002E0003B46102240F6B801D4F85C01FFF77AF8DB
:1002F0000028A0D106230246CDE90260CDE90075B1
:10030000CFE7002097E7F0B505460F460A24002600
:1003100085B001212846FFF711FC10224FF44871E7
:10032000D5F85C016B46CDE90066CDE90266FEF7C3
:1003300047FF062269463846F7F7C4FD10B9012089
:1003400005B0F0BDD5F85C310A211868013C03689E
:10035000DB69984714F0FF04DBD12046F0E738B59D
:100360000D4611461A4602230446F6F701F858B91D
:100370002368294620461B6C984728B92046BDE8CB
:100380003840012100F0C2BD38BD024610B5B0F8BA
:10039000AA31B0F8AE11B0F8A84103F001005B0833
:1003A00018B1B2F8AC0143409BB299420CBF084669
:1003B00081EA03008442F0D3A2F8AA3110BD2DE9EE
:1003C000F341D0F8B83104460E46002B65D0FFF754
:1003D000DCFFB4F8A831471EBAB23FB2B7EB530FF7
:1003E000A8BFD21A03F0010594F8A731A8BF17B22D
:1003F0000135002B55D04FF48058AD004FF0984197
:10040000D4F85401F0F7FCFC4FF07451F0F7F8FC0D
:10041000F0F7E2FE6D0208FB0755D4F8BC2194F812
:10042000A231401B9A4204D29B1ADB0758BF00F549
:100430008070042306EB460700BA7F0001900DEBA5
:100440000302204607F28A3100F0C5F830BB6EB3D4
:1004500094F8A231B3422BD8D4F8B451312D29D815
:10046000ADB200236A468DF800302046022307F51E
:1004700062718DF8015000F0AEF878B9D4F8B4315B
:100480005B1BC4F8B431D4F8B831013BC4F8B831BF
:10049000D4F8BC310133C4F8BC31002002B0BDE84F
:1004A000F0811A234FF4D0485D43A7E77325D8E7BE
:1004B0007225D6E73225D4E730B5044685B00D461F
:1004C000D0F85C010121FFF7A4F80023CDE9003347
:1004D0000DF10F0201238421D4F85C01AD008DF8E9
:1004E0000F50FFF730F80546D4F85C310121186849
:1004F0000368DB699847284605B030BD0121FFF746
:10050000DBBF7FB5164604460D46D0F85C010121DD
:10051000FFF77FF846B10023CDE900331A461946AC
:10052000D4F85C01FFF70FF80123CDE900338021F7
:10053000D4F85C0103AA8DF80C50FFF704F804B05E
:1005400070BD012290F84A11FFF7DBBF1FB50B0CFD
:100550008DF80C300B0A8DF80D300123CDE90033F6
:100560008DF80E100323832103AAD0F85C01FEF757
:10057000EAFF05B05DF804FB1FB50B0C8DF80C30DD
:100580000B0A8DF80D3000220123CDE900328DF8E1
:100590000E100323822103AAD0F85C01FEF7D3FFDB
:1005A00005B05DF804FB1FB58DF80D309DF81830CF
:1005B0008DF80C108DF80F300123CDE900338DF844
:1005C0000E200423952103AAD0F85C01FEF7BBFF9F
:1005D00005B05DF804FB08B5D0F85C01FEF779FEC4
:1005E000002008BD10B5044610461A460346D4F84C
:1005F0005C01FEF7E5FDD4F85C01BDE81040FEF7B4
:10060000CABF10B586B08DF8153001230E24CDE990
:10061000013300920B46022205A9D0F85C018DF847
:100620001440FEF776FF06B010BD10B586B08DF809
:10063000153001231E24CDE9013300920B4602221E
:1006400005A9D0F85C018DF81440FEF721FF06B033
:1006500010BD1FB55BBAADF80C30BDF8183049BA03
:100660005BBAADF80E300123CDE90033082352BA4E
:10067000ADF80810ADF80A2019460DEB0302D0F8CA
:100680005C01FEF760FF05B05DF804FB1FB50123B8
:10069000CDE90033022349BAADF80C1003AA19467C
:1006A000D0F85C01FEF74FFF05B05DF804FB1FB505
:1006B0000123CDE9003309BA03910423862103AA5B
:1006C000D0F85C01FEF73FFF05B05DF804FB0123A5
:1006D00007B5CDE900330A4602239821D0F85C0122
:1006E000FEF731FF03B05DF804FB1FB5FF238DF863
:1006F0000F300123CDE9003311210DF10F02D0F8A5
:100700005C01FEF7DEFE9DF80F0005B05DF804FB0E
:10071000012330B585B0CDE9003304460D468DF890
:100720000C108DF80D2002238E21D0F85C0103AA55
:10073000FEF709FF08B984F8905105B030BD2DE9E6
:10074000F0431E4690F86C3185B005468846174642
:100750009DF83040A3B14FF0010990F8600109FA0B
:1007600000F0F0F7F5FAD5F86811F0F7FDFB4FF05F
:100770008341F0F7F7FC0028044618BF4C46E4B26A
:10078000012385F86241CDE900338B210423D5F89C
:100790005C0103AA8DF80C808DF80D708DF80E6049
:1007A0008DF80F40FEF7CFFE05B0BDE8F08330B501
:1007B00085B0089C8DF80C30230C8DF80D3001238A
:1007C000CDE9003308230D0C8DF808508DF80A1080
:1007D0000D0A8DF80B208B2164BA0DEB0302D0F8C3
:1007E0005C018DF80950ADF80E40FEF7ACFE05B087
:1007F00030BD1FB50B0C8DF80C300B0A8DF80D3089
:100800000123CDE900338DF80E108DF80F2004235D
:100810008B2103AAD0F85C01FEF795FE05B05DF8C8
:1008200004FB2DE9FF419DF82C800C46414606460D
:1008300017461D46FFF7C3FCB0B99DF8283064BACF
:100840008DF80A300123CDE900338C210623D6F838
:100850005C0102AAADF808408DF80B508DF80C70C1
:100860008DF80D80FEF76FFE04B0BDE8F0817FB516
:100870008DF813309DF828308DF80E208DF8143047
:1008800001239DF82020CDE900338DF80F209DF83D
:10089000242049BA8DF810209DF82C20ADF80C10BA
:1008A0008DF811209DF8302009238DF812208C211D
:1008B00003AAD0F85C01FEF746FE07B05DF804FB22
:1008C00030B585B00546BDF820008DF808108DF8CC
:1008D0000A20110A8DF80C301A0A030A8DF80D301F
:1008E0000123CDE900338DF809108DF80B208DF828
:1008F0000E008C21D5F85C0102AAFEF724FE044606
:1009000038B90623F021D5F85C010DF10902FEF794
:10091000E0FC204605B030BD1FB50123CDE9003312
:100920008DF80C108DF80D2002238F2103AAD0F82A
:100930005C01FEF708FE05B05DF804FB1FB501235E
:10094000CDE900338DF80C1003AA9621D0F85C0194
:10095000FEF7F9FD05B05DF804FB1FB50023ADF807
:100960000C300123CDE900331721022303AAD0F86C
:100970005C01FEF7A6FDBDF80C0040BA80B205B0E0
:100980005DF804FB1FB50023ADF80C300123CDE961
:1009900000330721022303AAD0F85C01FEF7D3FD40
:1009A00005B05DF804FB2DE9F041D0F85C31044658
:1009B0001D680E462A68596A57692846926D904705
:1009C000D4F85C3101461B6832462846BC46BDE877
:1009D000F0415B69604770B5D0F85C311C68596ABA
:1009E000226820469569926D90472B460146204625
:1009F000BDE8704018470368D3F8E0301847036833
:100A0000D3F8E430184737B504460D46FFF76DFEBE
:100A1000012811D16B1F072B11D894F8623184F88B
:100A2000605100932946204694F8613194F8502192
:100A3000FFF785FE03B030BD6FF01300FAE76FF0EB
:100A40000800F7E773B505460C461646FFF74DFE5E
:100A500001281ED1231FDBB2042B1DD8BEB1062CEA
:100A600011D8042C08BF002495F8623185F8614143
:100A700000932846234695F8502195F86011FFF71A
:100A80005EFE02B070BD082C06D10724ECE71C46C0
:100A9000EAE76FF01300F4E76FF00900F1E773B5D0
:100AA00006460D461446FFF720FE012814D125F016
:100AB0000F0343EA141304F00F0444EA05118DF800
:100AC00004308DF8051002234FF4E861304601AA86
:100AD000FFF781FD02B070BD6FF01300FAE730B58B
:100AE00087B005460C46FFF700FE012811D195F8A6
:100AF0009831A1B2A5F86611019395F864312846A2
:100B0000009395F8943195F86321FFF78AFE07B0BA
:100B100030BD58BB95F87C31A1B299420A46A8BFB6
:100B20001A461F2AA5F880111ADC172A1ADC0F2A88
:100B30001ADC003A18BF01229200FF2085F87821C4
:100B4000049095F87E01039095F87D0102900020B5
:100B5000CDE90030284695F87B31FFF788FED6E7CF
:100B60000722EAE70622E8E70522E6E74FF0FF3032
:100B7000CDE7F0B589B003AC84E80E0003680DF151
:100B80001F01D3F8D03005469DF83860049F984780
:100B90000446002851D1032E9DF81F3002D0B342E5
:100BA0000FD13346E3B92B6828461B6C039998474D
:100BB0000446002841D12B68394628465B6C98478B
:100BC0000CE02B6828461B69984738B92B683146DA
:100BD0002846D3F8CC3098470028E2D004462CE0D1
:100BE000012B17D12B682846D3F8EC309DF80C1058
:100BF0009847044608BB2B6839462846D3F8E830A6
:100C000098470446C8B902469DF814102846FFF7D5
:100C100019FFE3E7022B10D14FF4807328460093AD
:100C20009DF80D2003239DF80C10FEF764FF0028AB
:100C3000D4D19DF80E3085F8A731204609B0F0BD1B
:100C400037B505460C46FFF750FD08B103281CD107
:100C5000042C1DD8DFE804F0040313151700082442
:100C6000D5F8743185F87A4100932246284695F8E4
:100C70007931D5F87011FFF79AFD03B030BD092422
:100C8000EEE70A24ECE70B24EAE76FF01300F4E741
:100C90006FF06900F1E770B586B005460E46144660
:100CA000FFF723FD002838D1082C4CD8E4B22346A6
:100CB00032464FF4D8612846FFF78DFC28BBB5F8C3
:100CC0008011E400E4B2A1420A46A8BF22461F2ACE
:100CD00085F87C411BDC172A1BDC0F2A1BDC003A41
:100CE00018BF01229200FF2085F87821049095F822
:100CF0007E01039095F87D0102900020CDE900402F
:100D0000284695F87B31FFF7B2FD06B070BD07228B
:100D1000E9E70622E7E70522E5E7012809D1012CEA
:100D200011D844222846317806B0BDE87040FFF75C
:100D3000B6BE032804D1042C05D13368C5F8A3310D
:100D40006FF01300E1E76FF06800DEE72DE9F04196
:100D500088B004460D4617461E469DF83880FFF7BA
:100D6000C4FC002845D1012D08D0022D3AD0002D19
:100D70003DD06FF42F7008B0BDE8F0814FEA8808CD
:100D80005FFA88F5FF2384F87B51049394F87E3151
:100D90002046039394F87D3102930023019394F845
:100DA0007C31009394F878212B46B4F88011FFF73A
:100DB0005EFD0028DFD17FBA022340F2BC612046ED
:100DC00007AAADF81C70FFF706FC0028D3D176BA4D
:100DD000022340F2BE61204607AAADF81C60FFF76F
:100DE000FAFBC8E7B8F1000F18BF0625CAE70125CE
:100DF000C8E7012812D12A1E18BF012294F89831A1
:100E000084F86321019394F864312046009394F8A8
:100E10009431B4F86611FFF704FDACE74FF0FF30F2
:100E2000A9E770B588B004460D461646FFF75DFC8D
:100E3000002840D1B5B9FF2384F87D51049394F87C
:100E40007E310195CDE9025394F87C312046009320
:100E500094F87B3194F87821B4F88011FFF707FDFE
:100E600008B070BD01234FF4D761204684F87D316E
:100E700007AAFFF7B7FB0028F2D19DF81C30C6F394
:100E8000002223F0010313438DF81C304FF4D76187
:100E90000223204607AA8DF81D60FFF79CFB00285F
:100EA000DED1FF23049394F87E31039394F87D31CF
:100EB000CDE90103C8E76FF01300D1E70021FFF788
:100EC0003DBD0121FFF73ABD003940F2FF1218BFC6
:100ED0000121FFF7A6BF37B504460D46FFF705FC15
:100EE000012810D184F89851019594F86431204676
:100EF000009394F8943194F86321B4F86611FFF7E5
:100F000090FC03B030BD6FF01300FAE71FB501236A
:100F1000CDE900338DF80F100DF10F029D21D0F8AF
:100F20005C01FEF710FB05B05DF804FB2DE9FF4105
:100F30001F4600230D4616468DF80F3040F6E70198
:100F400001230DF10F020446FFF74CFBC8B94FF027
:100F500001083B46314620469DF82820CDF8008008
:100F6000FFF721FB68B904222046E9B2FFF7D0FB66
:100F700038B9434640F6E70120460DF10F02FFF76E
:100F80002AFB04B0BDE8F08170B586B004460D467A
:100F90001646FFF7AAFBB0B9CDE9035694F87D31A8
:100FA000CDE9010394F87C312046009394F87B311D
:100FB00094F87821B4F88011FFF759FC08B984F847
:100FC0007E5106B070BD6FF01300FAE70A460121AA
:100FD000FFF7DABF10B504460846C4F854114FF0C5
:100FE0009841EFF70DFF4FF07451EFF709FFF0F75D
:100FF000F3F801462046BDE81040FFF758BB002239
:10100000F0B50C4685B011460546FFF785FC002873
:101010006CD10126CDE9006633468A21D5F85C0102
:1010200002AA8DF80840FEF78EFA00285ED195F8E6
:101030004A31CDE90066002B0CBF202330239321D9
:101040008DF80830D5F85C01334602AAFEF77BFA2A
:1010500000284BD103228DF8082095F86021CDE9B6
:1010600000660D328DF809200A22ADF80C00ADF8AB
:101070000A208DF80E0007238821D5F85C0102AA0A
:10108000FEF761FA074688BB2B6844F2FF31D3F8BC
:10109000F030284698473B4604463A4639462846AB
:1010A0000097FFF7D6FA204300B2F8B97F23CDE9C5
:1010B00000608DF8083089213346D5F85C0102AA1A
:1010C000FEF741FA90B9D5F85C310521186803683C
:1010D000DB699847D5F85C311868D96A02681269EB
:1010E000904728B9D5F85C01FEF755FA05B0F0BD78
:1010F000D5F85C31186803685B6D9847EAE76FF0D4
:10110000180070476FF0180070476FF018007047B4
:10111000036800215B6918476FF0180070476FF093
:10112000180070476FF0180070476FF01800704794
:101130006FF0180070476FF0180070476FF01800DC
:10114000704784B004A800E90E006FF0180004B0E6
:1011500070470020704782B000208DE80C0002B07C
:101160007047002070476FF0180070476FF018004C
:10117000704700207047704770476FF01800704745
:1011800070476FF01800704730B5002585B0CDE985
:1011900002558DF808300368CDE90012D3F8D43039
:1011A0006A4603210446984720B923682046D3F8AD
:1011B000D830984705B030BD1FB50293069BCDE9E6
:1011C0000012039303686A460221D3F8D430044620
:1011D000984720B923682046D3F8D830984704B000
:1011E00010BD2DE9F0410446084616460D46F6F7B7
:1011F0003BFE236802465F6A294633462046BC46CA
:10120000BDE8F0416047002330B51A4601250C3097
:1012100005FA03F40C4204D050F823401F2C18BFE9
:1012200022430133202BF3D1104630BD38B590F85E
:10123000483104469BB9D0F8382141EA4201D0F840
:101240004421C0F838111140D0F83C21914205D119
:10125000012280F8353080F84821C38638BD012549
:1012600090F8362094F83530024492F838009D40CA
:10127000B9B12843C0B2591CC9B2082982F8380054
:1012800084F83510EAD100F06CF894F83630E218A2
:10129000013382F8380084F83630002384F8353082
:1012A000DCE720EA0500E6E7082202700022C0E938
:1012B0000122C260028270472DE9F84300264FEAFE
:1012C000C20805460F4632468468B04510D1EB6827
:1012D00084EA03006B7C13B1297800F042F84FF0E8
:1012E000FF332A78C2F12002D3401840BDE8F883CA
:1012F00073070CD12B7CB85C02F1010913B10821F2
:1013000000F02FF84A462B78083B984044402B7851
:101310000136013B24FA03F313F0010F18BF6B6889
:101320004FEA440418BF5C40CFE710B50446C068DC
:1013300008B1FCF7EBFE206908B1FCF7E7FE606935
:1013400008B1FCF7E3FE204610BD0022C0E90322ED
:101350000280426002724261704700234170037054
:1013600070470023F0B50446012518464E1EDAB238
:10137000914200D8F0BD05FA03F22240DA40F71A94
:08138000BA4010430133F2E70B
:08138800C4FEFE7F010000001D
:10139000000000002014010849330008000000008C
:1013A000E959000800000000000000003C1401089A
:1013B00000000000AC14010800000000E414010863
:1013C000000000005814010800000000C8140108C3
:1013D00000000000901401080000000074140108CF
:1013E00025E30008000000000000000000150108CF
:1013F000000000001C150108F93D00080000000075
:101400008948000800000000C7E200080000000052
:101410000000000038150108000000005415010804
:10142000D828010800000000041701080609002060
:1014300000000000DD3C0008000000002B2901082E
:10144000DC190108EC160108120900200000000058
:101450000000000000000000AC28010800000000AF
:1014600000000000040900200000000021E3000843
:1014700000000000E528010810190108C81601083D
:1014800008090020CC0B0020F93E000800000000F5
:10149000F328010824190108C81601080A090020C8
:1014A000E00B0020F93E00080000000001290108BF
:1014B00038190108C81601080C090020F40B002097
:1014C000F93E0008000000000F2901084C1901082E
:1014D000C81601080E090020080C0020F93E00087B
:1014E000000000001D29010860190108C816010844
:1014F000100900201C0C0020F93E0008000000002C
:101500003C290108E01901082017010814090020EE
:10151000A4060020DBE90008000000004C290108B7
:10152000301A01082017010816090020B006002013
:10153000DBE90008000000005C290108A81A010886
:10154000FC16010818090020BC06002065420008AE
:101550000000000069290108001B0108FC160108B1
:101560001A0900201407002065420008000000004E
:101570000000000071E200080000000071E20008B5
:101580000000000071E200080000000071E20008A5
:101590000000000071E200080000000071E2000895
:1015A000D6280108ED3A0008D4280108ED3A0008D1
:1015B000D2280108ED3A0008D0280108ED3A0008C9
:1015C000CE280108ED3A00080000000071E2000892
:1015D0000000000071E200080000000071E2000855
:1015E0000000000071E200080000000071E2000845
:1015F0000000000071E200080000000071E2000835
:101600000000000071E200080000000071E2000824
:101610000000000071E200080000000071E2000814
:101620000000000071E20008CC280108ED3A000833
:101630000000000071E200080000000071E20008F4
:101640000000000071E200080000000071E20008E4
:101650000000000071E200080000000071E20008D4
:101660000000000071E200080000000071E20008C4
:101670000000000071E200080000000071E20008B4
:101680000000000071E200080000000071E20008A4
:101690000000000071E200080000000071E2000894
:1016A0000000000071E200080000000071E2000884
:1016B000CA280108ED3A00080000000071E20008A5
:0816C0000000000071E20008C7
:1016C80009E700081DE5000829E500083BE50008D2
:1016D80045E500084FE50008493E00085DE50008BB
:0416E80000000000FE
:1016EC004BE800086BE8000887E80008A5E800084C
:0816FC003D430008C1EC0008A9
:10170400F7E300083BE4000800000000593C00082F
:0C171400DDE400080000000085E400088F
:10172000B9E9000883E90008CDE800083141000864
:041730008FEA000834
:081734008975000889760008A0
:101740000000FFFF0000800000000000080008000B
:101750000000000000000000E8030000FFFFFFFFA2
:10176000FFFFFFFFFFFFFFFFFFFFFFFFFFFFFFFF89
:10177000FFFFFFFF0000000080010000800100006B
:1017800012AD101B0000000001010000010001006B
:1017900000000100010000005000B00018017801B5
:1017A000B0021803C8053006300C980CC0000000C9
:1017B00000000000000000000080E03779C34143D2
:1017C000176E05B5B5B89346F5F93FE9034F384DA7
:1017D000321D30F94877825A3CBF737FDD4F157553
:1017E000000000000000F03F000000000000244066
:1017F00000000000000059400000000000408F4041
:10180000000000000088C34000000000006AF840AB
:101810000000000080842E4100000000D0126341CF
:101820000000000084D797410000000065CDCD4145
:10183000000000205FA00242000000E87648374226
:10184000000000A2941A6D42000040E59C30A242C4
:101850000000901EC4BCD64200003426F56B0C4339
:101860000080E03779C3414300A0D88557347643E0
:1018700000C84E676DC1AB43003D9160E458E14341
:10188000408CB5781DAF154450EFE2D6E41A4B44B6
:1018900092D54D06CFF08044F64AE1C7022DB544FB
:1018A000B49DD9794378EA440000000000000000AC
:1018B000A9DF0008C7DF0008ADE0000801E000086C
:1018C0007FDF00086126000829270008EDE00008F6
:1018D000ABDF0008F3E00008B1DF00083FE00008DC
:1018E00085250008A3DF0008A1250008A5DF000862
:1018F000A7DF000873DF000879DF00083DEF00086C
:101900003FEF00083BEF000841EF000845EF0008FB
:10191000FFFF000000180140040000001800000054
:1019200040000000FFFF0000001401400300000021
:101930001800000020000000FFFF00000010014020
:10194000020000001800000010000000FFFF00006F
:10195000000C014001000000180000000800000019
:10196000FFFF000000080140000000001800000018
:1019700004000000E4140108C8140108AC140108B4
:101980009014010874140108000000000000000019
:101990000000000000000000000000000000000047
:1019A0000000000000000000000000000000000037
:1019B0000000000000000000000000000000000027
:1019C0000000000000000000000000000000000017
:1019D00000000000000000000000000000100240B5
:1019E00000440040201401083C14010811020000CA
:1019F000081A0108010000000000000000000000BB
:101A000000000000101A01081C0000000000020085
:101A1000181A010801000000201A01080200000045
:101A200008180100000000000D180100000000006F
:101A300000380140201401083C1401088E01000008
:101A4000581A01080100000000000000000000001A
:101A500000000000601A01081800000000400000AB
:101A6000681A010801000000701A01080200000055
:101A700024100100000000002910010000000000F7
:101A80000000000008000000100000001800000026
:101A90002000000028000000300000003800000096
:101AA000000000000000000000380040C81A0108D3
:101AB00001000000C01A010803000000000000003F
:101AC0001C00000000400000D01A010801000000C6
:101AD000D81A010804000000700000000000000097
:101AE0007400000000000000790000000001000008
:101AF0007C00000000000000C8140108060011006E
:101B000000300140201B010801000000181B0108E3
:101B1000030000000000000018000000001000009A
:101B2000281B010801000000301B01080300000011
:101B30001400010000000000190001000001000075
:101B40001C00010000000000000000000008000070
:101B500090130108901301080014010808140108EB
:101B600020140108201401080000000000000000FB
:101B7000000000000000000007E1000807E1000885
:101B800007E1000807E1000807E1000807E1000895
:101B900007E1000807E1000807E1000807E1000885
:101BA00007E1000807E1000807E1000807E1000875
:101BB00007E100083BEF00083BEF00083DEF00089D
:101BC0003FEF00083BEF000841EF000845EF000839
:101BD000000000000000000069F60008A7F60008F9
:101BE00095610008FD040108430501081911010869
:101BF000D5F70008B9110108BD5F00088911010877
:101C00001FFA0008970101081FFD000845F80008A9
:101C100033F80008C9F70008656F0008E56E000892
:101C2000410C0108C90E0108D70E0108CFF70008C2
:101C300043F60008970C0108DF0A0108730B01083E
:101C400031700008BFFD0008CFFC00087D5F000870
:101C5000295C00080D5E0008BD5D000893F80008CF
:101C60007FF80008EFF70008055C00083FFA00085D
:101C7000455F0008E15B0008BBFA0008BDF80008FA
:101C8000F9F70008F3F900087B110108F7090108CA
:101C9000FF090108F7090108FF090108F709010810
:101CA000FF090108A55A000809F80008BDFE000850
:101CB00085F9000801F80008A7090108D7090108FB
:101CC000CD6D0008070A01088D0601086BF60008B3
:101CD000000000000000000007F800080FFA0008EC
:101CE00095610008FD040108430501081911010868
:101CF000D5F70008B9110108BD5F00088911010876
:101D00001FFA0008970101081FFD000845F80008A8
:101D100033F800082B110108656F0008E56E000814
:101D2000410C0108C90E0108D70E0108371101083E
:101D30003D110108970C0108DF0A0108730B010827
:101D400031700008BFFD0008CFFC00087D5F00086F
:101D5000295C00080D5E0008BD5D000893F80008CE
:101D60007FF80008EFF70008055C00083FFA00085C
:101D7000455F0008E15B0008BBFA0008BDF80008F9
:101D8000F9F70008F3F900087B110108F7090108C9
:101D9000FF090108F7090108FF090108F70901080F
:101DA000FF0901081911010809F80008BDFE000823
:101DB00085F9000801F80008A7090108D7090108FA
:101DC000CD6D0008070A01088D060108000000001B
:101DD000000000000000000000000000FF100108EB
:101DE0000B11010811110108191101080B1101084B
:101DF000B911010805110108891101080B11010829
:101E00000B1101081F110108251101080B11010810
:101E10002B1101082B1101082B11010819110108C0
:101E20001911010831110108371101083D1101088C
:101E30001F11010825110108431101084311010870
:101E40005311010839750008397500085711010848
:101E500063110108631101086711010825110108C8
:101E6000251101080B1101086D1101080B11010862
:101E70000B1101086D110108731101087711010898
:101E8000791101087B1101087711010881110108FE
:101E900077110108811101087711010881110108EA
:101EA000191101086D110108831101080B110108B6
:101EB00007E1000830211203120330210312213000
:101EC00021300312437034072516526152612516E2
:101ED000340743700734704361521625162561524A
:101EE000704307343407437052612516251652613A
:101EF000437034077043073416256152615216252A
:101F00000734704300202020202020202020282873
:101F100028282820202020202020202020202020A9
:101F200020202020208810101010101010101010E9
:101F30001010101010040404040404040404041019
:101F400010101010101041414141414101010101A7
:101F50000101010101010101010101010101010171
:101F6000101010101010424242424242020202027D
:101F70000202020202020202020202020202020241
:101F800010101010200000000000000000000000F1
:101F90000000000000000000000000000000000041
:101FA0000000000000000000000000000000000031
:101FB0000000000000000000000000000000000021
:101FC0000000000000000000000000000000000011
:101FD0000000000000000000000000000000000001
:101FE00000000000000000000000000000000000F1
:101FF00000000000000000000000000000000000E1
:1020000000000000000000000A000000494E4600E9
:10201000696E66004E414E006E616E0030313233A3
:102020003435363738396162636465660000000014
:1020300030313233343536373839414243444546FE
:1020400000000000286E756C6C2900003000000054
:102050003030303030303030303030303030303080
:102060002020202020202020202020202020202070
:102070003030303030303030303030303030303060
:102080002020202020202020202020202020202050
:10209000496E66696E697479000000004E614E00F9
:1020A00042616C6C6F63207375636365656465641E
:1020B000000000002F566F6C756D65732F576F729F
:1020C0006B73706163652F6275696C642F2E627526
:1020D000696C642F61726D2D7A65706879722D65F7
:1020E0006162692F7372632F6E65776C69622F6E00
:1020F00065776C69622F6C6962632F7374646C69B5
:10210000622F64746F612E63000000002F566F6CA5
:10211000756D65732F576F726B73706163652F6296
:1021200075696C642F2E6275696C642F61726D2DF8
:102130007A65706879722D656162692F7372632F99
:102140006E65776C69622F6E65776C69622F6C695A
:1021500062632F7374646C69622F6D707265632E95
:102160006300000005000000190000007D00000071
:10217000303030303030303030303030303030305F
:10218000202020202020202020202020202020204F
:102190002C2066756E6374696F6E3A200000000033
:1021A000617373657274696F6E20222573222066D5
:1021B00061696C65643A2066696C6520222573222A
:1021C0002C206C696E65202564257325730A000038
:1021D00043000000504F5349580000002E000000FB
:1021E0000400020006000010000000307370694215
:1021F0006567696E007370695F7472616E736365A1
:10220000697665206661696C65643A2025640A0018
:102210007370695F7472616E736365697665206659
:1022200061696C65643A2025642061742062797468
:10223000652025750A00617474616368496E746570
:102240007272757074206661696C65643A204953D6
:1022500052207461626C652066756C6C0053504945
:1022600020627573206E6F742072656164790A0054
:102270004750494F20706F7274206E6F74207265E2
:102280006164790A004750494F20435320706F72B0
:1022900074206E6F742072656164790A005B535814
:1022A000313236385D2070696E73206265666F72F8
:1022B000652072657365743A2044494F313D256449
:1022C00020425553593D2564204E5253543D2564B8
:1022D0000A005B5358313236385D2070696E7320C6
:1022E00061667465722072657365743A2044494F63
:1022F000313D256420425553593D2564204E5253AB
:10230000543D25640A005B5358313236385D2070E5
:10231000726F6265206D6F64653D25642065727221
:102320003D25642072783D5B30782530327820304E
:102330007825303278203078253032785D2062750B
:1023400073793D25640A00526164696F2048414CED
:1023500020696E697469616C697A6564005B5358C1
:10236000313236385D20496E697469616C697A6909
:102370006E672E2E2E0A005B5358313236385D20A0
:10238000496E6974206661696C65642C20636F64B2
:10239000652025640A005B5358313236385D204988
:1023A0006E69742073756363657373210A004865F1
:1023B0006C6C6F20576F726C642120232564005B66
:1023C0005358313236385D207374617274547261BF
:1023D0006E736D6974206661696C65642C20636F2F
:1023E00064652025640A005B5358313236385D201D
:1023F0004669727374207061636B657420737461D5
:10240000727465640A005B5358313236385D20546B
:102410005820646F6E650A005B5358313236385D60
:102420002066696E6973685472616E736D69742099
:102430006661696C65642C20636F64652025640A9D
:10244000005B5358313236385D2054582073746124
:10245000727465640A005B5358313236385D20541B
:1024600058207374617274206661696C65643A20E7
:10247000746F6F206C6F6E670A005B535831323691
:10248000385D205458207374617274206661696CE1
:1024900065643A2074696D656F75740A005B535802
:1024A000313236385D20545820737461727420665E
:1024B00061696C65642C20636F64652025640A0083
:1024C000286E696C290072302F61313A20203078F3
:1024D00025303878202072312F61323A2020307830
:1024E00025303878202072322F61333A202030781E
:1024F000253038780A0072332F61343A2020307842
:1025000025303878207231322F69703A20203078A7
:1025100025303878207231342F6C723A2020307890
:10252000253038780A0020787073723A202030788D
:10253000253038780A004661756C74696E672069C9
:102540006E737472756374696F6E20616464726512
:10255000737320287231352F7063293A2030782523
:102560003038780A00556E68616E646C6564204985
:1025700052516E3A2025640A002A2A2A2A2A205516
:1025800053414745204641554C54202A2A2A2A2A9D
:102590000A0020204469766973696F6E2062792091
:1025A0007A65726F0A002020556E616C69676E65EE
:1025B00064206D656D6F7279206163636573730A62
:1025C0000020204E6F20636F70726F636573736FAE
:1025D0007220696E737472756374696F6E730A002A
:1025E0002020496C6C6567616C206C6F6164206FA2
:1025F00066204558435F52455455524E20696E74CB
:102600006F2050430A002020496C6C6567616C2084
:10261000757365206F662074686520455053520AB3
:10262000002020417474656D707420746F2065788B
:10263000656375746520756E646566696E65642092
:10264000696E737472756374696F6E0A002A2A2A40
:102650002A2A20425553204641554C54202A2A2AE2
:102660002A2A0A002020537461636B696E67206513
:1026700072726F720A002020556E737461636B6909
:102680006E67206572726F720A0020205072656357
:10269000697365206461746120627573206572726C
:1026A0006F720A00202042464152204164647265E4
:1026B00073733A20307825780A002020496D7072B3
:1026C0006563697365206461746120627573206558
:1026D00072726F720A002020496E7374727563748F
:1026E000696F6E20627573206572726F720A002ABC
:1026F0002A2A2A2A204D5055204641554C54202A3A
:102700002A2A2A2A0A002020537461636B696E67A3
:10271000206572726F722028636F6E746578742002
:1027200061726561206D69676874206265206E6FF3
:10273000742076616C6964290A0020204461746108
:10274000204163636573732056696F6C6174696FB0
:102750006E0A0020204D4D4641522041646472654E
:1027600073733A20307825780A002020496E7374FC
:1027700072756374696F6E2041636365737320566D
:10278000696F6C6174696F6E0A0052657365727669
:10279000656420457863657074696F6E2028005306
:1027A000707572696F757320696E74657272757079
:1027B0007420284952512000535053454C20696ED3
:1027C00020746872656164206D6F646520646F6554
:1027D00073206E6F7420696E646963617465205044
:1027E00053500A002A2A2A2A2A20484152442046C5
:1027F00041554C54202A2A2A2A2A0A0020204275B0
:1028000073206661756C74206F6E20766563746FDB
:1028100072207461626C6520726561640A00202018
:102820004465627567206576656E740A00202046EF
:1028300061756C7420657363616C6174696F6E207F
:10284000287365652062656C6F77290A00415243E1
:10285000485F455843455054207769746820726535
:1028600061736F6E2025780A0A002A2A2A2A2A20F4
:102870004465627567206D6F6E69746F722065784C
:1028800063657074696F6E202A2A2A2A2A0A002A30
:102890002A2A2A2A20257320256429202A2A2A2A3E
:1028A0002A0A0061626F727428290A00696E7465D1
:1028B00072727570742D636F6E74726F6C6C65726A
:1028C000403430303130343030000A060505040120
:1028D00003010201010100017263634034303032B0
:1028E00031303030006770696F403430303131380A
:1028F0003030006770696F403430303131343030FF
:10290000006770696F4034303031313030300067EB
:1029100070696F4034303031306330300067706937
:102920006F40343030313038303000726573657448
:102930002D636F6E74726F6C6C6572007365726973
:10294000616C40343030303434303000736572693B
:10295000616C40343030313338303000737069404E
:1029600034303030333830300073706940343030B8
:102970003133303030000000000000000000010260
:1029800003040607080901020203040506070809F3
:102990000A0B0C0D0E0F10106D61696E002A2A2AA9
:1029A00020426F6F74696E67205A65706879722073
:1029B0004F53206275696C642076342E332E302D8F
:1029C000343631332D67613034643839353763320A
:1029D0003132202A2A2A0A0053583132363800125E
:1029E000FD12FE110014FF12022200220121033108
:1029F000032105110914082207110D140B111312DC
:102A0000131411610C211014162212211522152302
:102A1000153214611451165216531673167416217A
:102A20002D30333639000F060300122436480416C1
:102A3000283A4C081A2C3E0C1E3042102234460113
:102A4000132537490517293B4D091B2D3F0D1F3114
:102A50004311233547021426384A06182A3C4E0AE9
:102A60001C2E400E203244031527394B07192B3DED
:0C2A70004F0B1D2F410F213345000000CB
:102A7C00000000000000000000000020000000200A
:102A8C00080000200800002010000020100000208A
:102A9C00180000201800002020000020200000203A
:102AAC0028000020280000203000002030000020EA
:102ABC00380000203800002040000020400000209A
:102ACC00480000204800002050000020500000204A
:102ADC0058000020580000206000002060000020FA
:102AEC0068000020680000207000002070000020AA
:102AFC00780000207800002080000020800000205A
:102B0C008800002088000020900000209000002009
:102B1C009800002098000020A0000020A0000020B9
:102B2C00A8000020A8000020B0000020B000002069
:102B3C00B8000020B8000020C0000020C000002019
:102B4C00C8000020C8000020D0000020D0000020C9
:102B5C00D8000020D8000020E0000020E000002079
:102B6C00E8000020E8000020F0000020F000002029
:102B7C00F8000020F80000200001002000010020D7
:102B8C000801002008010020100100201001002085
:102B9C001801002018010020200100202001002035
:102BAC0028010020280100203001002030010020E5
:102BBC003801002038010020400100204001002095
:102BCC004801002048010020500100205001002045
:102BDC0058010020580100206001002060010020F5
:102BEC0068010020680100207001002070010020A5
:102BFC007801002078010020800100208001002055
:102C0C008801002088010020900100209001002004
:102C1C009801002098010020A0010020A0010020B4
:102C2C00A8010020A8010020B0010020B001002064
:102C3C00B8010020B8010020C0010020C001002014
:102C4C00C8010020C8010020D0010020D0010020C4
:102C5C00D8010020D8010020E0010020E001002074
:102C6C00E8010020E8010020F0010020F001002024
:102C7C00F8010020F80100200002002000020020D2
:102C8C000802002008020020100200201002002080
:102C9C001802002018020020200200202002002030
:102CAC0028020020280200203002002030020020E0
:102CBC003802002038020020400200204002002090
:102CCC004802002048020020500200205002002040
:102CDC0058020020580200206002002060020020F0
:102CEC0068020020680200207002002070020020A0
:102CFC007802002078020020800200208002002050
:102D0C0088020020880200209002002090020020FF
:102D1C009802002098020020A0020020A0020020AF
:102D2C00A8020020A8020020B0020020B00200205F
:102D3C00B8020020B8020020C0020020C00200200F
:102D4C00C8020020C8020020D0020020D0020020BF
:102D5C00D8020020D8020020E0020020E00200206F
:102D6C00E8020020E8020020F0020020F00200201F
:102D7C00F8020020F80200200003002000030020CD
:102D8C00080300200803002010030020100300207B
:102D9C00180300201803002020030020200300202B
:102DAC0028030020280300203003002030030020DB
:102DBC00380300203803002040030020400300208B
:102DCC00480300204803002050030020500300203B
:102DDC0058030020580300206003002060030020EB
:102DEC00680300206803002070030020700300209B
:102DFC00780300207803002080030020800300204B
:102E0C0088030020880300209003002090030020FA
:102E1C009803002098030020A0030020A0030020AA
:102E2C00A8030020A8030020B0030020B00300205A
:102E3C00B8030020B8030020C0030020C00300200A
:102E4C00C8030020C8030020D0030020D0030020BA
:102E5C00D8030020D8030020E0030020E00300206A
:102E6C00E8030020E8030020F0030020F00300201A
:102E7C00F8030020F803002000000000600500208B
:102E8C00C8050020300600200000000000000000F3
:102E9C000000000000000000000000000000000026
:102EAC000000000000000000000000000000000016
:102EBC000000000000000000000000000000000006
:102ECC0000000000000000000000000000000000F6
:102EDC0000000000000000000000000000000000E6
:102EEC0000000000000000000000000000000000D6
:102EFC0000000000000000000000000000000000C6
:102F0C0000000000000000000000000000000000B5
:102F1C0000000000000000000000000000000000A5
:102F2C0001000000000000000E33CDAB34126DE642
:102F3C00ECDE05000B0000000000000000000000AB
:102F4C000000000000000000000000000000000075
:102F5C000000000000000000000000000000000065
:102F6C000000000000000000000000000000000055
:102F7C000000000000000000000000000000000045
:102F8C000000000000000000000000000000000035
:102F9C000000000000000000000000000000000025
:102FAC000000000000000000000000000000000015
:102FBC000000000000000000000000000000000005
:102FCC0000000000000000000000000000000000F5
:102FDC0000000000000000000000000000000000E5
:102FEC0000000000000000000000000000000000D5
:102FFC0000000000000000000000000000000000C5
:10300C0000000000000000000000000000000000B4
:10301C0000000000000000000000000000000000A4
:10302C000000000000000000000000000000000094
:10303C000000000000000000000000000000000084
:10304C000000000000000000000000000000000074
:10305C000000000000000000000000000000000064
:10306C000000000000000000000000000000000054
:10307C000000000000000000000000000000000044
:10308C000000000000000000000000000000000034
:10309C000000000000000000000000000000000024
:1030AC000000000000000000000000000000000014
:1030BC000000000000000000000000000000000004
:1030CC0000000000000000000000000000000000F4
:1030DC0000000000000000000000000000000000E4
:1030EC0000000000000000000000000000000000D4
:1030FC0000000000000000000000000000000000C4
:10310C000000000000000000E7E10008BDE200083C
:10311C00C1E20008A806002000C201000001030063
:10312C00B406002000C201000001030000000000F2
:10313C0000000000A01A010800000000CC060020CE
:10314C00CC0600200000000001000000DC0600207E
:10315C00DC06002000000000010000000000000060
:10316C000000000000000000000000000000000053
:10317C000000000000000000000000000000000043
:10318C00000000000000000000000000F81A010818
:10319C00010000002407002024070020000000008C
:1031AC00010000003407002034070020000000005C
:1031BC000100000000000000000000000000000002
:1031CC0000000000000000000000000000000000F3
:1031DC0000000000000000000000000000127A0057
:1031EC00C80000007407002074070020FFFFFFFFD9
:1031FC000000020008040020430000000000000052
:10320C0000000000000000000000000000000000B2
:10321C00000000000000000043000000000000005F
:10322C000000000000000000000000000000000092
:10323C00000000000000000043000000000000003F
:10324C000000000000000000000000000000000072
:10325C00000000000000000043000000000000001F
:10326C000000000000000000000000000000000052
:10327C0000000000000000004300000000000000FF
:10328C000000000000000000000000000000000032
:10329C0000000000000000004300000000000000DF
:1032AC000000000000000000000000000000000012
:1032BC0000000000000000004300000000000000BF
:1032CC0000000000000000000000000000000000F2
:1032DC00000000000000000021DF0008C9DE00082B
:1032EC0000000000041F0108DC2101089C210108DA
:1032FC009C2101089C2101089C2101089C210108AA
:10330C009C2101089C2101089C2101089C21010899
:10331C00FFFFFFFFFFFFFFFFFFFFFFFFFFFF0000AF
:10332C000100415343494900000000000000000027
:10333C000000000000000000000000000000000081
:10334C000000415343494900000000000000000008
:10335C000000000000000000000000000000000061
:10336C0000000000FFFFFFFFFFFFFFFFFFFFFFFF5D
:04337C00FFFFFFFF51
:10338000000000000000000000000000000000003D
:08339000000000000000000035
:1033980000000000D81D0020000800000000000008
:0833A80000000000000000001D
:1033B0003409002034090020000000000000000053
:1033C0000E0000004809002048090020000000000D
:0833D000000000000E000000E7
:0433D80015E015E007
:0400000508003809AE
:00000001FF
